"Track URI","Track Name","Artist URI(s)","Artist Name(s)","Album URI","Album Name","Album Artist URI(s)","Album Artist Name(s)","Album Release Date","Album Image URL","Disc Number","Track Number","Track Duration (ms)","Track Preview URL","Explicit","Popularity","ISRC","Added By","Added At"
"spotify:track:77E9kDXT7gJIkxUaTPu6Ub","Chand Se Parda","spotify:artist:4K6blSRoklNdpw4mzLxwfn","Kumar Sanu","spotify:album:77EAr4ZN5L8hJsTNsVUlYb","Aao Pyar Karen","spotify:artist:4tma2wxDchrifG8Pflic4Q","Aadesh Shrivastava","1994-11-25","https://i.scdn.co/image/ab67616d0000b273f6a91e3d895fceb3b97c0b6f","1","1","379739","https://p.scdn.co/mp3-preview/e78faa769df638a4654022d3299eb277fc1e6c54?cid=9950ac751e34487dbbe027c4fd7f8e99","false","64","INS939400046","spotify:user:31f6akofznwqnn3tlgipil5vrb4y","2026-08-11T18:52:57Z"
"spotify:track:3qbSubaQIBgUM13S7kzWOd","Kisi Din Banoongi Main","spotify:artist:3gBKY0y3dFFVRqicLnVZYz, spotify:artist:70B80Lwx2sxti0M1Ng9e8K","Alka Yagnik, Udit Narayan","spotify:album:4Dj8WYLlv47T0W03zDdFJI","Raja (Original Motion Picture Soundtrack)","spotify:artist:0xHXoShMJw3xDArjL8IHtt","Nadeem Shravan","1995-06-23","https://i.scdn.co/image/ab67616d0000b2736867fa779258eedae633c587","1","6","438040","https://p.scdn.co/mp3-preview/105cd6a9138fee01c1534667ca8d8e5eb2e64149?cid=9950ac751e34487dbbe027c4fd7f8e99","false","71","INT109500061","spotify:user:31f6akofznwqnn3tlgipil5vrb4y","2026-08-11T18:52:57Z"
"spotify:track:6swiB2EqcDcBS2lojpZlaA","Mujhse Mohabbat Ka","spotify:artist:4K6blSRoklNdpw4mzLxwfn, spotify:artist:3gBKY0y3dFFVRqicLnVZYz","Kumar Sanu, Alka Yagnik","spotify:album:63Y2RfrgCziZL6Jz8YCqV1","Hum Hain Rahi Pyar Ke (Original Motion Picture Soundtrack)","spotify:artist:0xHXoShMJw3xDArjL8IHtt","Nadeem Shravan","1993-07-05","https://i.scdn.co/image/ab67616d0000b2735a5d99f08ec514c24dc3ac01","1","4","311906","https://p.scdn.co/mp3-preview/da4e7219db656efa0c2299a514d60bbbe4f65b41?cid=9950ac751e34487dbbe027c4fd7f8e99","false","62","INT109300048","spotify:user:31f6akofznwqnn3tlgipil5vrb4y","2026-08-11T18:52:57Z"
"spotify:track:6IENsn6l4ngqL6C2ucuKia","Dil Kehta Hai","spotify:artist:4K6blSRoklNdpw4mzLxwfn, spotify:artist:3gBKY0y3dFFVRqicLnVZYz","Kumar Sanu, Alka Yagnik","spotify:album:1zwT18Vm7F5zPBNvRQp71F","Akele Hum Akele Tum (Original Motion Picture Soundtrack)","spotify:artist:71hjb5G92mGoKRSAW3Cj00","Anu Malik","1995-07-25","https://i.scdn.co/image/ab67616d0000b273cf01fe6536d9a76d1df94a65","1","3","415666","https://p.scdn.co/mp3-preview/a70e5d053ca28faa5ec3a4753ac22b296655b0e0?cid=9950ac751e34487dbbe027c4fd7f8e99","false","65","INV119500461","spotify:user:31f6akofznwqnn3tlgipil5vrb4y","2026-08-11T18:52:57Z"
"spotify:track:7vO5tXQx4pCtHiIMjgvCeU","Dekhne Walon Ne - From ''Chori Chori Chupke Chupke''","spotify:artist:70B80Lwx2sxti0M1Ng9e8K, spotify:artist:3gBKY0y3dFFVRqicLnVZYz","Udit Narayan, Alka Yagnik","spotify:album:1zV2FaaGWqtQtsZgiW6Nv5","Chori Chori Chupke Chupke (Original Motion Picture Soundtrack)","spotify:artist:0LyfQWJT6nXafLPZqxe9Of","Various Artists","2000-01-01","https://i.scdn.co/image/ab67616d0000b27390a4d27310625151305bdb26","1","2","373133","","false","54","INUM70500457","spotify:user:31f6akofznwqnn3tlgipil5vrb4y","2026-08-11T18:52:57Z"
"spotify:track:6m2UYr6ZJN8wtDzOauBIb9","Aksar Is Duniya Mein","spotify:artist:3gBKY0y3dFFVRqicLnVZYz","Alka Yagnik","spotify:album:3fP94oJh2aZzegj1DZtfUv","Dhadkan (Original Motion Picture Soundtrack)","spotify:artist:0xHXoShMJw3xDArjL8IHtt, spotify:artist:5sifufajls8Q6k04Y4F8mH","Nadeem Shravan, Sameer Anjaan","2000-07-02","https://i.scdn.co/image/ab67616d0000b273cac69d193e1c48f5c87893e5","1","7","342935","https://p.scdn.co/mp3-preview/38fce2a9530950850ab134716f1e6e28343ecff3?cid=9950ac751e34487dbbe027c4fd7f8e99","false","63","INV110000490","spotify:user:31f6akofznwqnn3tlgipil5vrb4y","2026-08-11T18:52:57Z"
"spotify:track:3jNAbt95cAN8Z3LzMPfoUp","Aaye Ho Meri Zindagi Mein - Male Version","spotify:artist:70B80Lwx2sxti0M1Ng9e8K","Udit Narayan","spotify:album:5G16twTP5dS4B99YLakLE6","Raja Hindustani (Original Motion Picture Soundtrack)","spotify:artist:0xHXoShMJw3xDArjL8IHtt","Nadeem Shravan","1996-11-15","https://i.scdn.co/image/ab67616d0000b273261cc572f6df52bfd2ad5743","1","2","362933","https://p.scdn.co/mp3-preview/d76093095bb7ae127335ba954797593672fd4e27?cid=9950ac751e34487dbbe027c4fd7f8e99","false","70","INT109600006","spotify:user:31f6akofznwqnn3tlgipil5vrb4y","2026-08-11T18:52:57Z"
"spotify:track:3K5GgWtOwiBBLL4h3guKIE","Phool Maangu Na Bahaar Maangu","spotify:artist:3gBKY0y3dFFVRqicLnVZYz, spotify:artist:70B80Lwx2sxti0M1Ng9e8K","Alka Yagnik, Udit Narayan","spotify:album:4Dj8WYLlv47T0W03zDdFJI","Raja (Original Motion Picture Soundtrack)","spotify:artist:0xHXoShMJw3xDArjL8IHtt","Nadeem Shravan","1995-06-23","https://i.scdn.co/image/ab67616d0000b2736867fa779258eedae633c587","1","8","321360","https://p.scdn.co/mp3-preview/b750da43f1ca393ad6b2415f694815e328cc56f2?cid=9950ac751e34487dbbe027c4fd7f8e99","false","63","INT109500063","spotify:user:31f6akofznwqnn3tlgipil5vrb4y","2026-08-11T18:52:57Z"
"spotify:track:6Kb2jbGMqs3zL7cgv9dket","Is Tarah Aashiqui Ka - Kumar Sanu Version","spotify:artist:4K6blSRoklNdpw4mzLxwfn","Kumar Sanu","spotify:album:1uNaeleKgw6CBTU1m4zQgs","Imtihan (Original Motion Picture Soundtrack)","spotify:artist:71hjb5G92mGoKRSAW3Cj00","Anu Malik","1994-03-11","https://i.scdn.co/image/ab67616d0000b273a987bb655cb167d9edb31ec6","1","7","443000","https://p.scdn.co/mp3-preview/c6f5d1726fada0e5b03e59bb5a3c17dab4b8c26b?cid=9950ac751e34487dbbe027c4fd7f8e99","false","68","INT109400052","spotify:user:31f6akofznwqnn3tlgipil5vrb4y","2026-08-11T18:52:57Z"
"spotify:track:4NAM8AbGxIkzUWlTojNBzI","Kahin Mujhe Pyar Hua Toh Nahin","spotify:artist:3gBKY0y3dFFVRqicLnVZYz, spotify:artist:4K6blSRoklNdpw4mzLxwfn","Alka Yagnik, Kumar Sanu","spotify:album:3wIeKD44ztijKo5vyzGIRe","Rang (Original Motion Picture Soundtrack)","spotify:artist:0xHXoShMJw3xDArjL8IHtt","Nadeem Shravan","1993-07-09","https://i.scdn.co/image/ab67616d0000b273bd2293acbdb847bc57e5ebe9","1","4","423986","https://p.scdn.co/mp3-preview/0b2f97c224d5d56a813bc05f53410f7764f832b8?cid=9950ac751e34487dbbe027c4fd7f8e99","false","66","INT109300021","spotify:user:31f6akofznwqnn3tlgipil5vrb4y","2026-08-11T18:52:57Z"
"spotify:track:3xGwSN1dDdpN2s8oP8DRrC","Dheere Dheere Se Meri Zindagi Mein Aana","spotify:artist:4hkB2bR5ek6lJChj6aunCn, spotify:artist:4K6blSRoklNdpw4mzLxwfn, spotify:artist:7op82a4Hg19bs5i63swfII, spotify:artist:4Cm1PcLZ3hgYp0t675POEI","Anuradha Paudwal, Kumar Sanu, Super Cassettes Industries Private Limited, Rani Malik","spotify:album:7mUTDWUBOPcpXTALk1TJuX","Aashiqui","spotify:artist:7op82a4Hg19bs5i63swfII","Super Cassettes Industries Private Limited","1989-12-26","https://i.scdn.co/image/ab67616d0000b27349e862c57d46af9c26a97201","1","5","329640","https://p.scdn.co/mp3-preview/4978317a5ae2acf188931a5c06b5ce8de57d6a1f?cid=9950ac751e34487dbbe027c4fd7f8e99","false","64","INS189010005","spotify:user:31f6akofznwqnn3tlgipil5vrb4y","2026-08-11T18:52:57Z"
"spotify:track:2lcu8WfAs8qw8crZf4ybRi","Too Shayar Hai Main Teri Shayari (From ""Saajan"")","spotify:artist:3gBKY0y3dFFVRqicLnVZYz","Alka Yagnik","spotify:album:7C5rz1btSaMJiDzuiLa6da","My Best Collection - Alka Yagnik","spotify:artist:3gBKY0y3dFFVRqicLnVZYz","Alka Yagnik","2016-07-01","https://i.scdn.co/image/ab67616d0000b2733cc5a29b733d3857617509f4","1","4","389906","https://p.scdn.co/mp3-preview/22779f809f1a7651e3a7a91ecdab732f2c21c5ff?cid=9950ac751e34487dbbe027c4fd7f8e99","false","65","INV119300924","spotify:user:31f6akofznwqnn3tlgipil5vrb4y","2026-08-11T18:52:57Z"
"spotify:track:2gcxE9tLP1pAnK5Np1MVKp","Aankhon Mein Base Ho Tum - Male Version","spotify:artist:71hjb5G92mGoKRSAW3Cj00, spotify:artist:3gBKY0y3dFFVRqicLnVZYz, spotify:artist:2ZRrPOjBIWoKK5rHedLijj, spotify:artist:1VPlwlXg09ywVA6p1QmACl","Anu Malik, Alka Yagnik, Abhijeet, Maya Govind","spotify:album:6fr5rb671LoQfSfinZ9v3c","Takkar (Original Motion Picture Soundtrack)","spotify:artist:71hjb5G92mGoKRSAW3Cj00","Anu Malik","1995-07-25","https://i.scdn.co/image/ab67616d0000b2733df604eb1ce502af78af9204","1","2","335026","https://p.scdn.co/mp3-preview/25c16c4daa35a47c358c3bb1094f7d640e3ec020?cid=9950ac751e34487dbbe027c4fd7f8e99","false","68","INT109700095","spotify:user:31f6akofznwqnn3tlgipil5vrb4y","2026-08-11T18:52:57Z"
"spotify:track:4n5vaqluWQjCrKr4JLZIRh","Tere Dar Par Sanam - Male Version","spotify:artist:4K6blSRoklNdpw4mzLxwfn","Kumar Sanu","spotify:album:2HcJ0Adf3w6NnsZYbFesjG","Phir Teri Kahani Yaad Aayee (Original Motion Picture Soundtrack)","spotify:artist:71hjb5G92mGoKRSAW3Cj00","Anu Malik","1993-07-30","https://i.scdn.co/image/ab67616d0000b27308263c60c0c87952788a1881","1","9","368866","https://p.scdn.co/mp3-preview/6bb5f359f6bf7fc80c1795176976b4c8a84d6c97?cid=9950ac751e34487dbbe027c4fd7f8e99","false","64","INT109300001","spotify:user:31f6akofznwqnn3tlgipil5vrb4y","2026-08-11T18:52:57Z"
"spotify:track:6yTtUUlsBXN9h9ZxTxGWMS","Bahut Pyar Karte Hai - Male Version","spotify:artist:2ae6PxICSOZHvjqiCcgon8","S. P. Balasubrahmanyam","spotify:album:0vM40ZvKzbI97anisDuMGJ","Saajan (Original Motion Picture Soundtrack)","spotify:artist:0xHXoShMJw3xDArjL8IHtt, spotify:artist:5sifufajls8Q6k04Y4F8mH","Nadeem Shravan, Sameer Anjaan","1993-06-20","https://i.scdn.co/image/ab67616d0000b2739711c40e3ffc7e7f179336ed","1","9","185400","https://p.scdn.co/mp3-preview/1818dbd6b39415b9f49f2532ac7735690879f329?cid=9950ac751e34487dbbe027c4fd7f8e99","false","58","INV119300928","spotify:user:31f6akofznwqnn3tlgipil5vrb4y","2026-08-11T18:52:57Z"
"spotify:track:38nEeQx99WlPSM9KUIaEid","Ek Sanam Chahiye Aashiqui Ke Liye (Female Version)","spotify:artist:4hkB2bR5ek6lJChj6aunCn, spotify:artist:7op82a4Hg19bs5i63swfII, spotify:artist:5sifufajls8Q6k04Y4F8mH","Anuradha Paudwal, Super Cassettes Industries Private Limited, Sameer Anjaan","spotify:album:7mUTDWUBOPcpXTALk1TJuX","Aashiqui","spotify:artist:7op82a4Hg19bs5i63swfII","Super Cassettes Industries Private Limited","1989-12-26","https://i.scdn.co/image/ab67616d0000b27349e862c57d46af9c26a97201","1","7","371696","https://p.scdn.co/mp3-preview/573494f690c40de6239850870911d656487a8952?cid=9950ac751e34487dbbe027c4fd7f8e99","false","54","INS189010007","spotify:user:31f6akofznwqnn3tlgipil5vrb4y","2026-08-11T18:52:57Z"
"spotify:track:2oAy8P7WfjbZW0cWw6RnAG","Chhupana Bhi Nahin Aata (From ""Baazigar"")","spotify:artist:4Qpbhxe0sO2zhvUVfODdZw","Pankaj Udhas","spotify:album:5Mz7uZt7yAnIPpPebxpEE0","Bollywood & Ghazal Collection of Pankaj Udhas","spotify:artist:4Qpbhxe0sO2zhvUVfODdZw","Pankaj Udhas","2016-07-01","https://i.scdn.co/image/ab67616d0000b2732fb64ec05c61802bec19fe81","1","5","322066","https://p.scdn.co/mp3-preview/ff53500237d888a1e54b19cbf51d4e45f95dc7b1?cid=9950ac751e34487dbbe027c4fd7f8e99","false","59","INV119300499","spotify:user:31f6akofznwqnn3tlgipil5vrb4y","2026-08-11T18:52:57Z"
"spotify:track:1u6x6QYDKfl5YEmSEnYqEX","Dil Hai Ke Manta Nahin","spotify:artist:4hkB2bR5ek6lJChj6aunCn","Anuradha Paudwal","spotify:album:2azyipdkosVEQFLWDaHGi3","Dil Hai Ke Manta Nahin","spotify:artist:4PhJv48oy3YJMQ5hDt9BFu","Bhushan Dua","1991-11-01","https://i.scdn.co/image/ab67616d0000b273eef5d8ba5626de47f6878c42","1","1","370493","https://p.scdn.co/mp3-preview/1bbabf6e62d920ea827a785b0a76d1ab58bbe234?cid=9950ac751e34487dbbe027c4fd7f8e99","false","52","INS189110009","spotify:user:31f6akofznwqnn3tlgipil5vrb4y","2026-08-11T18:52:57Z"
"spotify:track:64bX3WWzjUomaRfPcQvCNn","Bahut Pyar Karte Hai - Female Version","spotify:artist:4hkB2bR5ek6lJChj6aunCn","Anuradha Paudwal","spotify:album:0vM40ZvKzbI97anisDuMGJ","Saajan (Original Motion Picture Soundtrack)","spotify:artist:0xHXoShMJw3xDArjL8IHtt, spotify:artist:5sifufajls8Q6k04Y4F8mH","Nadeem Shravan, Sameer Anjaan","1993-06-20","https://i.scdn.co/image/ab67616d0000b2739711c40e3ffc7e7f179336ed","1","3","265666","https://p.scdn.co/mp3-preview/bcd06910986787a5f0dbbae89ed90348b41657c6?cid=9950ac751e34487dbbe027c4fd7f8e99","false","65","INV119300922","spotify:user:31f6akofznwqnn3tlgipil5vrb4y","2026-08-11T18:52:57Z"
"spotify:track:6boYaYafMoyPZAw8VMasNm","Kitaben Bahut Si (From ""Baazigar"")","spotify:artist:5as8A4G47Ohu9NSWs3Je8U, spotify:artist:1gHVDWrG6hVra3ZxV7mQWd","Asha Bhosle, Vinod Rathod","spotify:album:2WUQrdLpwQLDeMYZvpMGlN","Suron Ki Mallika - Asha Bhosle","spotify:artist:5as8A4G47Ohu9NSWs3Je8U","Asha Bhosle","2016-07-01","https://i.scdn.co/image/ab67616d0000b273732319ec0936e5f775863b98","1","3","389386","https://p.scdn.co/mp3-preview/a4a4372891ed8dc88b3b334e30a5df52a7904ce4?cid=9950ac751e34487dbbe027c4fd7f8e99","false","62","INV119300500","spotify:user:31f6akofznwqnn3tlgipil5vrb4y","2026-08-11T18:52:57Z"
"spotify:track:3SwkKcpCModXgfYCFn67CA","Waada Raha Sanam (From ""Khiladi"")","spotify:artist:2ZRrPOjBIWoKK5rHedLijj","Abhijeet","spotify:album:2oUWSHubOyXXSFN7gzLlkq","Sensational Duets (Abhijeet & Alka Yagnik)","spotify:artist:2ZRrPOjBIWoKK5rHedLijj, spotify:artist:3gBKY0y3dFFVRqicLnVZYz","Abhijeet, Alka Yagnik","2016-07-01","https://i.scdn.co/image/ab67616d0000b273e502f2e2b6e5560e2f67208c","1","2","359988","https://p.scdn.co/mp3-preview/9769a7e3de21fa70f2cf5a383c7f7f45e0070d3a?cid=9950ac751e34487dbbe027c4fd7f8e99","false","63","INV119400018","spotify:user:31f6akofznwqnn3tlgipil5vrb4y","2026-08-11T18:52:57Z"
"spotify:track:5BqBeEwb9sqUtRLKyzgQQe","Tu Meri Zindagi Hai","spotify:artist:4hkB2bR5ek6lJChj6aunCn, spotify:artist:4K6blSRoklNdpw4mzLxwfn, spotify:artist:7op82a4Hg19bs5i63swfII, spotify:artist:5sifufajls8Q6k04Y4F8mH","Anuradha Paudwal, Kumar Sanu, Super Cassettes Industries Private Limited, Sameer Anjaan","spotify:album:7mUTDWUBOPcpXTALk1TJuX","Aashiqui","spotify:artist:7op82a4Hg19bs5i63swfII","Super Cassettes Industries Private Limited","1989-12-26","https://i.scdn.co/image/ab67616d0000b27349e862c57d46af9c26a97201","1","8","285280","https://p.scdn.co/mp3-preview/06789fc2981aed3ca28c3c960a9b0a1353269eb8?cid=9950ac751e34487dbbe027c4fd7f8e99","false","63","INS189010008","spotify:user:31f6akofznwqnn3tlgipil5vrb4y","2026-08-11T18:52:57Z"
"spotify:track:3UIPvWCcwthECWnWcyMQdc","Mera Dil Bhi Kitna Pagal Hai","spotify:artist:0xHXoShMJw3xDArjL8IHtt, spotify:artist:5sifufajls8Q6k04Y4F8mH","Nadeem Shravan, Sameer Anjaan","spotify:album:0vM40ZvKzbI97anisDuMGJ","Saajan (Original Motion Picture Soundtrack)","spotify:artist:0xHXoShMJw3xDArjL8IHtt, spotify:artist:5sifufajls8Q6k04Y4F8mH","Nadeem Shravan, Sameer Anjaan","1993-06-20","https://i.scdn.co/image/ab67616d0000b2739711c40e3ffc7e7f179336ed","1","7","324893","https://p.scdn.co/mp3-preview/6f15ecfa7cfb2bfcb588f052a3fc2c93bca477fd?cid=9950ac751e34487dbbe027c4fd7f8e99","false","68","INV119300926","spotify:user:31f6akofznwqnn3tlgipil5vrb4y","2026-08-11T18:52:57Z"
"spotify:track:1MVjn7qcDOW4xx4tRnEiDx","Pehli Baar Mile Hain","spotify:artist:2ae6PxICSOZHvjqiCcgon8","S. P. Balasubrahmanyam","spotify:album:0vM40ZvKzbI97anisDuMGJ","Saajan (Original Motion Picture Soundtrack)","spotify:artist:0xHXoShMJw3xDArjL8IHtt, spotify:artist:5sifufajls8Q6k04Y4F8mH","Nadeem Shravan, Sameer Anjaan","1993-06-20","https://i.scdn.co/image/ab67616d0000b2739711c40e3ffc7e7f179336ed","1","6","376093","https://p.scdn.co/mp3-preview/01aedfc5185b2f03a0f5f4db720c3dd78d8b588e?cid=9950ac751e34487dbbe027c4fd7f8e99","false","57","INV119300925","spotify:user:31f6akofznwqnn3tlgipil5vrb4y","2026-08-11T18:52:57Z"
"spotify:track:0HMgVudqf6TUi7aiTZ7m4A","Ghar Se Nikalte Hi","spotify:artist:70B80Lwx2sxti0M1Ng9e8K","Udit Narayan","spotify:album:0s3A29A57fSFQwU44DFm4I","Tera Naam Mera Naam","spotify:artist:70B80Lwx2sxti0M1Ng9e8K, spotify:artist:3vXBH4XwXSLM1YIrRBt98k, spotify:artist:1dVygo6tRFXC8CSWURQJq2, spotify:artist:6WPmTGeeoymoVlXVtsCwz7","Udit Narayan, Mohammed Aziz, Sonu Nigam, Kavita Krishnamurthy","2010-09-21","https://i.scdn.co/image/ab67616d0000b2739559972d279ac654cfb49111","1","1","440999","https://p.scdn.co/mp3-preview/33bb567e1eae80c07fd5bf343d5647498358d2c7?cid=9950ac751e34487dbbe027c4fd7f8e99","false","52","INS181005424","spotify:user:31f6akofznwqnn3tlgipil5vrb4y","2026-08-11T18:52:57Z"
"spotify:track:3GCvRY92yUzSRQ3V9mVElL","Tumhein Apna Banane Ki Kasam Khai Hai","spotify:artist:4K6blSRoklNdpw4mzLxwfn","Kumar Sanu","spotify:album:34azeudgg4ZYXfUo9gRymm","Sadak","spotify:artist:4PhJv48oy3YJMQ5hDt9BFu","Bhushan Dua","1991-12-31","https://i.scdn.co/image/ab67616d0000b273df70d76da3c8f0c850cac437","1","12","339866","https://p.scdn.co/mp3-preview/eb67accab6dedecd8d08cca51be24a340b9a5887?cid=9950ac751e34487dbbe027c4fd7f8e99","false","61","INS189110032","spotify:user:31f6akofznwqnn3tlgipil5vrb4y","2026-08-11T18:52:57Z"
"spotify:track:00wU6YKnzNlavZ1TPpLUlp","Sochenge Tumhe Pyar (From ""Deewana"")","spotify:artist:4K6blSRoklNdpw4mzLxwfn","Kumar Sanu","spotify:album:0LVMI64BPt0IRrDd1XuWkG","Bollywood Best Trio - Kumar Sanu, Nadeem - Shravan","spotify:artist:4K6blSRoklNdpw4mzLxwfn","Kumar Sanu","2016-07-01","https://i.scdn.co/image/ab67616d0000b27362e9e3154a09ddcb9c16c1c5","1","1","362888","https://p.scdn.co/mp3-preview/53d81dd1bdb3160879a29a5161f7a460caa6d34d?cid=9950ac751e34487dbbe027c4fd7f8e99","false","66","INV119200170","spotify:user:31f6akofznwqnn3tlgipil5vrb4y","2026-08-11T18:52:57Z"
"spotify:track:2S3irWsiX7nO9ePHpoMzBC","Dil Ne Yeh Kaha Hain Dil Se - From ""Dhadkan""","spotify:artist:70B80Lwx2sxti0M1Ng9e8K, spotify:artist:3gBKY0y3dFFVRqicLnVZYz, spotify:artist:4K6blSRoklNdpw4mzLxwfn","Udit Narayan, Alka Yagnik, Kumar Sanu","spotify:album:4Q9hzMKWB7qSAduQrdArjo","Versatile Bollywood Actor - Akshay Kumar","spotify:artist:0LyfQWJT6nXafLPZqxe9Of","Various Artists","2016-02-07","https://i.scdn.co/image/ab67616d0000b273c5a145533cd2840c2e7c14e3","1","9","426631","https://p.scdn.co/mp3-preview/b0f264ca539fc2413ac0c781e6bae577b1d20dba?cid=9950ac751e34487dbbe027c4fd7f8e99","false","41","INV110000484","spotify:user:31f6akofznwqnn3tlgipil5vrb4y","2026-08-11T18:52:57Z"
"spotify:track:30rlIsmzrbG0iW5DgSQggb","Tu Pyar Hai Kisi Aur Ka (From ""Dil Hai Ke Manta Nahin"")","spotify:artist:4hkB2bR5ek6lJChj6aunCn, spotify:artist:4K6blSRoklNdpw4mzLxwfn","Anuradha Paudwal, Kumar Sanu","spotify:album:6pEtmFcEdVWbsZYuGKX2Ug","Ultimate Romantic Duet - Kumar Sanu & Anuradha Paudwal","spotify:artist:4K6blSRoklNdpw4mzLxwfn, spotify:artist:4hkB2bR5ek6lJChj6aunCn","Kumar Sanu, Anuradha Paudwal","2017-02-13","https://i.scdn.co/image/ab67616d0000b27316af621290a2ff0418f60066","1","18","412493","https://p.scdn.co/mp3-preview/ff9a1a6b6485d317eaa2a4445bf519305b6c8d37?cid=9950ac751e34487dbbe027c4fd7f8e99","false","61","INS189110012","spotify:user:31f6akofznwqnn3tlgipil5vrb4y","2026-08-11T18:52:57Z"
"spotify:track:18i1q3iqyO87q0PwOWgw1C","Dil Kehta Hai (From ""Akele Hum Akele Tum"")","spotify:artist:3gBKY0y3dFFVRqicLnVZYz, spotify:artist:4K6blSRoklNdpw4mzLxwfn","Alka Yagnik, Kumar Sanu","spotify:album:0cPqV7ANsEL2kF0CDBf5Kv","Bollywood Melody Queen (Alka Yagnik)","spotify:artist:3gBKY0y3dFFVRqicLnVZYz","Alka Yagnik","2016-07-01","https://i.scdn.co/image/ab67616d0000b273ce374238522272ac62ef5a02","1","11","415666","https://p.scdn.co/mp3-preview/5f7a06f7920ac83c2750c872490336debb2783d9?cid=9950ac751e34487dbbe027c4fd7f8e99","false","61","INV119500461","spotify:user:31f6akofznwqnn3tlgipil5vrb4y","2026-08-11T18:52:57Z"
"spotify:track:24yLjsc1fobEusKNfUoEPC","Pehli Pehli Baar Mohabbat Ki Hai (From ""Sirf Tum"")","spotify:artist:4K6blSRoklNdpw4mzLxwfn, spotify:artist:3gBKY0y3dFFVRqicLnVZYz","Kumar Sanu, Alka Yagnik","spotify:album:3xJMsHADs1MrIc8s4viJUJ","Dheere Dheere Se - The Era Of Kumar Sanu","spotify:artist:4K6blSRoklNdpw4mzLxwfn","Kumar Sanu","2018-10-17","https://i.scdn.co/image/ab67616d0000b27324ba1bc988b5ba4922429d8a","1","5","459426","https://p.scdn.co/mp3-preview/1c6fe28501a4e4830d25421c0ffd19c99c4f04d2?cid=9950ac751e34487dbbe027c4fd7f8e99","false","67","INS189911186","spotify:user:31f6akofznwqnn3tlgipil5vrb4y","2026-08-11T18:52:57Z"
"spotify:track:7qzsNpJvOR8attSueN3zqq","Do Dil Mil Rahe Hai","spotify:artist:4K6blSRoklNdpw4mzLxwfn","Kumar Sanu","spotify:album:5SKotVYCyEbrc2efbRMcsJ","Pardes (Original Motion Picture Soundtrack)","spotify:artist:0xHXoShMJw3xDArjL8IHtt, spotify:artist:3Bku4b0uiR8KJSXu7U8Iyy","Nadeem Shravan, Anand Bakshi","1997-08-08","https://i.scdn.co/image/ab67616d0000b273a9df849755dad656e002852e","1","1","400226","https://p.scdn.co/mp3-preview/b192bc2ed72e1785492cf8a3b6a5b347d7eb43af?cid=9950ac751e34487dbbe027c4fd7f8e99","false","66","INT109700001","spotify:user:31f6akofznwqnn3tlgipil5vrb4y","2026-08-11T18:52:57Z"
"spotify:track:0MOJU1KKbcDTgkdUtLs8G3","Aaye Ho Meri Zindagi Mein - Female Version","spotify:artist:3gBKY0y3dFFVRqicLnVZYz","Alka Yagnik","spotify:album:5G16twTP5dS4B99YLakLE6","Raja Hindustani (Original Motion Picture Soundtrack)","spotify:artist:0xHXoShMJw3xDArjL8IHtt","Nadeem Shravan","1996-11-15","https://i.scdn.co/image/ab67616d0000b273261cc572f6df52bfd2ad5743","1","1","363333","https://p.scdn.co/mp3-preview/2ae358dfe9ce7b4148045da96924967f5ae3d99c?cid=9950ac751e34487dbbe027c4fd7f8e99","false","66","INT109600003","spotify:user:31f6akofznwqnn3tlgipil5vrb4y","2026-08-11T18:52:57Z"
"spotify:track:368WunUYuPt29BAesTxA4V","Tum Dil Ki Dhadkan Mein","spotify:artist:2ZRrPOjBIWoKK5rHedLijj, spotify:artist:3gBKY0y3dFFVRqicLnVZYz","Abhijeet, Alka Yagnik","spotify:album:3fP94oJh2aZzegj1DZtfUv","Dhadkan (Original Motion Picture Soundtrack)","spotify:artist:0xHXoShMJw3xDArjL8IHtt, spotify:artist:5sifufajls8Q6k04Y4F8mH","Nadeem Shravan, Sameer Anjaan","2000-07-02","https://i.scdn.co/image/ab67616d0000b273cac69d193e1c48f5c87893e5","1","2","351425","https://p.scdn.co/mp3-preview/40dab3de9df40908356ecff92fcd5ed9ef71d4d7?cid=9950ac751e34487dbbe027c4fd7f8e99","false","57","INV110000485","spotify:user:31f6akofznwqnn3tlgipil5vrb4y","2026-08-11T18:52:57Z"
"spotify:track:3jCXRAEQq0J4ai2JOmypRq","Teri Umeed Tera Intezar","spotify:artist:4K6blSRoklNdpw4mzLxwfn, spotify:artist:1HGMG8RHvcu1mfdM9MeTek","Kumar Sanu, Sadhana Sargam","spotify:album:5rkxSyCuiDtaAGKVndX3hL","Deewana (Original Motion Picture Soundtrack)","spotify:artist:0xHXoShMJw3xDArjL8IHtt","Nadeem Shravan","1992-03-04","https://i.scdn.co/image/ab67616d0000b2730d345e6c5c252b8461dc3733","1","2","378940","https://p.scdn.co/mp3-preview/6e24cdecff7a1d0b901f7dcaa1388c76b060d255?cid=9950ac751e34487dbbe027c4fd7f8e99","false","53","INV119200169","spotify:user:31f6akofznwqnn3tlgipil5vrb4y","2026-08-11T18:52:57Z"
"spotify:track:7HRe2bIQcsz2E6jFtUPifc","Sheesha Ho Ya Dil Ho","spotify:artist:61JrslREXq98hurYL2hYoc, spotify:artist:3yS84AjNFqhmuJlIXy7sax","Lata Mangeshkar, Laxmikant–Pyarelal","spotify:album:6WevJfc020tYLDzdDHtqWh","Aasha","spotify:artist:3yS84AjNFqhmuJlIXy7sax","Laxmikant–Pyarelal","1980-03-04","https://i.scdn.co/image/ab67616d0000b27334aa1a34d13e73141b3d5d01","1","6","346480","https://p.scdn.co/mp3-preview/2456ef3f091954f861142f7902f640f6a8397658?cid=9950ac751e34487dbbe027c4fd7f8e99","false","49","INH109632000","spotify:user:31f6akofznwqnn3tlgipil5vrb4y","2026-08-11T18:52:57Z"
"spotify:track:5LqaYVGUqmoNrvOwt2AypE","Aankh Hai Bhari Bhari (Duet Version) - From ""Tum Se Achcha Kaun Hai""","spotify:artist:4K6blSRoklNdpw4mzLxwfn, spotify:artist:3gBKY0y3dFFVRqicLnVZYz","Kumar Sanu, Alka Yagnik","spotify:album:4tKz7QFPutm2i8xZUNUXP0","Aankh Hai Bhari Bhari (Duet Version) [From ""Tum Se Achcha Kaun Hai""]","spotify:artist:4K6blSRoklNdpw4mzLxwfn, spotify:artist:3gBKY0y3dFFVRqicLnVZYz","Kumar Sanu, Alka Yagnik","2017-12-27","https://i.scdn.co/image/ab67616d0000b2735a2b8a4b4bfd3e7d0ca05228","1","1","435696","https://p.scdn.co/mp3-preview/527e1e4c19688d4c934c8c8f69beeb69dc1ff7fe?cid=9950ac751e34487dbbe027c4fd7f8e99","false","57","INV110201494","spotify:user:31f6akofznwqnn3tlgipil5vrb4y","2026-08-11T18:52:57Z"
"spotify:track:4FiWniaewWXU5lTCICwfLU","Shikwa Nahin Kisi Se","spotify:artist:4K6blSRoklNdpw4mzLxwfn","Kumar Sanu","spotify:album:1mPgyHAblK9Tg2xKpAMH4M","Naseeb (Original Motion Picture Soundtrack)","spotify:artist:0xHXoShMJw3xDArjL8IHtt","Nadeem Shravan","1997-12-18","https://i.scdn.co/image/ab67616d0000b27332aefa6e83dbc66f993a6690","1","5","335568","","false","59","INZ031400068","spotify:user:31f6akofznwqnn3tlgipil5vrb4y","2026-08-11T18:52:57Z"
"spotify:track:54tzSEMiygXoQ6yTqUUb8L","Sochenge Tumhe Pyar","spotify:artist:4K6blSRoklNdpw4mzLxwfn","Kumar Sanu","spotify:album:5rkxSyCuiDtaAGKVndX3hL","Deewana (Original Motion Picture Soundtrack)","spotify:artist:0xHXoShMJw3xDArjL8IHtt","Nadeem Shravan","1992-03-04","https://i.scdn.co/image/ab67616d0000b2730d345e6c5c252b8461dc3733","1","3","362888","https://p.scdn.co/mp3-preview/53d81dd1bdb3160879a29a5161f7a460caa6d34d?cid=9950ac751e34487dbbe027c4fd7f8e99","false","63","INV119200170","spotify:user:31f6akofznwqnn3tlgipil5vrb4y","2026-08-11T18:52:57Z"
"spotify:track:69yvE5MyvJtMCx75cPl583","Kitaben Bahut Si","spotify:artist:5as8A4G47Ohu9NSWs3Je8U, spotify:artist:1gHVDWrG6hVra3ZxV7mQWd","Asha Bhosle, Vinod Rathod","spotify:album:5idbEvMrr6c2XiAZNBtkKm","Baazigar (Original Motion Picture Soundtrack)","spotify:artist:0LyfQWJT6nXafLPZqxe9Of","Various Artists","1993-04-02","https://i.scdn.co/image/ab67616d0000b273dd80ae5413c53b309946196a","1","5","389386","https://p.scdn.co/mp3-preview/546ae1737c8876a7ed2ff11016206f7646174d01?cid=9950ac751e34487dbbe027c4fd7f8e99","false","54","INV119300500","spotify:user:31f6akofznwqnn3tlgipil5vrb4y","2026-08-11T18:52:57Z"
"spotify:track:7rlUYt3JTteF5OqEnx1UYf","Aapke Pyaar Mein Hum","spotify:artist:0xHXoShMJw3xDArjL8IHtt, spotify:artist:3gBKY0y3dFFVRqicLnVZYz, spotify:artist:5sifufajls8Q6k04Y4F8mH","Nadeem Shravan, Alka Yagnik, Sameer Anjaan","spotify:album:4Q5dbM6TBcyzO05kUx2jJ3","Raaz (Original Motion Picture Soundtrack)","spotify:artist:0xHXoShMJw3xDArjL8IHtt, spotify:artist:5sifufajls8Q6k04Y4F8mH","Nadeem Shravan, Sameer Anjaan","2002-02-01","https://i.scdn.co/image/ab67616d0000b2736b777a57ea3a09c00433e03b","1","1","328000","https://p.scdn.co/mp3-preview/a75d63261fbede448f8a5d6ba74d114197560ec4?cid=9950ac751e34487dbbe027c4fd7f8e99","false","70","INT100100003","spotify:user:31f6akofznwqnn3tlgipil5vrb4y","2026-08-11T18:52:57Z"
"spotify:track:6NfXjIsNGXaRaDzdbdxY4m","Jo Bhi Kasmein","spotify:artist:0xHXoShMJw3xDArjL8IHtt, spotify:artist:3gBKY0y3dFFVRqicLnVZYz, spotify:artist:70B80Lwx2sxti0M1Ng9e8K, spotify:artist:5sifufajls8Q6k04Y4F8mH","Nadeem Shravan, Alka Yagnik, Udit Narayan, Sameer Anjaan","spotify:album:4Q5dbM6TBcyzO05kUx2jJ3","Raaz (Original Motion Picture Soundtrack)","spotify:artist:0xHXoShMJw3xDArjL8IHtt, spotify:artist:5sifufajls8Q6k04Y4F8mH","Nadeem Shravan, Sameer Anjaan","2002-02-01","https://i.scdn.co/image/ab67616d0000b2736b777a57ea3a09c00433e03b","1","3","339840","https://p.scdn.co/mp3-preview/1aeea5baada590b520bfbcb6df3de372f814d0db?cid=9950ac751e34487dbbe027c4fd7f8e99","false","71","INT100100001","spotify:user:31f6akofznwqnn3tlgipil5vrb4y","2026-08-11T18:52:57Z"
"spotify:track:66eUlx0WYK1Jc56bIinkF9","Kitna Pyaara Hai","spotify:artist:0xHXoShMJw3xDArjL8IHtt, spotify:artist:3gBKY0y3dFFVRqicLnVZYz, spotify:artist:70B80Lwx2sxti0M1Ng9e8K, spotify:artist:5sifufajls8Q6k04Y4F8mH","Nadeem Shravan, Alka Yagnik, Udit Narayan, Sameer Anjaan","spotify:album:4Q5dbM6TBcyzO05kUx2jJ3","Raaz (Original Motion Picture Soundtrack)","spotify:artist:0xHXoShMJw3xDArjL8IHtt, spotify:artist:5sifufajls8Q6k04Y4F8mH","Nadeem Shravan, Sameer Anjaan","2002-02-01","https://i.scdn.co/image/ab67616d0000b2736b777a57ea3a09c00433e03b","1","4","261000","https://p.scdn.co/mp3-preview/080f66fbf22fefd9d2c839d24ac2f4c89e0cda4b?cid=9950ac751e34487dbbe027c4fd7f8e99","false","68","INT100100004","spotify:user:31f6akofznwqnn3tlgipil5vrb4y","2026-08-11T18:52:57Z"
"spotify:track:42OnkdXwkKo5NzkdOmvE75","Main Agar Saamne","spotify:artist:0xHXoShMJw3xDArjL8IHtt, spotify:artist:3gBKY0y3dFFVRqicLnVZYz, spotify:artist:2ZRrPOjBIWoKK5rHedLijj, spotify:artist:5sifufajls8Q6k04Y4F8mH","Nadeem Shravan, Alka Yagnik, Abhijeet, Sameer Anjaan","spotify:album:4Q5dbM6TBcyzO05kUx2jJ3","Raaz (Original Motion Picture Soundtrack)","spotify:artist:0xHXoShMJw3xDArjL8IHtt, spotify:artist:5sifufajls8Q6k04Y4F8mH","Nadeem Shravan, Sameer Anjaan","2002-02-01","https://i.scdn.co/image/ab67616d0000b2736b777a57ea3a09c00433e03b","1","5","346000","https://p.scdn.co/mp3-preview/79592194fc4c3b8d15f1411890b7513c90dcdf22?cid=9950ac751e34487dbbe027c4fd7f8e99","false","71","INT100100006","spotify:user:31f6akofznwqnn3tlgipil5vrb4y","2026-08-11T18:52:57Z"
"spotify:track:2NxH2xxK8nXQ313usuRRT1","Pyaar Se Pyar Hum","spotify:artist:0xHXoShMJw3xDArjL8IHtt, spotify:artist:2ZRrPOjBIWoKK5rHedLijj, spotify:artist:5sifufajls8Q6k04Y4F8mH","Nadeem Shravan, Abhijeet, Sameer Anjaan","spotify:album:4Q5dbM6TBcyzO05kUx2jJ3","Raaz (Original Motion Picture Soundtrack)","spotify:artist:0xHXoShMJw3xDArjL8IHtt, spotify:artist:5sifufajls8Q6k04Y4F8mH","Nadeem Shravan, Sameer Anjaan","2002-02-01","https://i.scdn.co/image/ab67616d0000b2736b777a57ea3a09c00433e03b","1","7","330000","https://p.scdn.co/mp3-preview/f2eb7021530a0acbf2bb18ccc7d2e3c59076cfe1?cid=9950ac751e34487dbbe027c4fd7f8e99","false","60","INT100100002","spotify:user:31f6akofznwqnn3tlgipil5vrb4y","2026-08-11T18:52:57Z"
"spotify:track:2e3Uzf1zknehFO4XyWyLBJ","Paas Woh Aane Lage","spotify:artist:4K6blSRoklNdpw4mzLxwfn, spotify:artist:3gBKY0y3dFFVRqicLnVZYz","Kumar Sanu, Alka Yagnik","spotify:album:1RS7g5vd7ohFf8dK2AFgcK","Main Khiladi Tu Anari (Original Motion Picture Soundtrack)","spotify:artist:71hjb5G92mGoKRSAW3Cj00","Anu Malik","1994-06-05","https://i.scdn.co/image/ab67616d0000b2734f1004182873f535e6d23bf3","1","2","372514","https://p.scdn.co/mp3-preview/178214dceee35f7755c970eb0ab859182d54c4df?cid=9950ac751e34487dbbe027c4fd7f8e99","false","57","INV119400354","spotify:user:31f6akofznwqnn3tlgipil5vrb4y","2026-08-11T18:52:57Z"
"spotify:track:7n278iHoD21kun2OymTABC","Tumse Milne Ki Tamanna Hai","spotify:artist:2ae6PxICSOZHvjqiCcgon8","S. P. Balasubrahmanyam","spotify:album:0vM40ZvKzbI97anisDuMGJ","Saajan (Original Motion Picture Soundtrack)","spotify:artist:0xHXoShMJw3xDArjL8IHtt, spotify:artist:5sifufajls8Q6k04Y4F8mH","Nadeem Shravan, Sameer Anjaan","1993-06-20","https://i.scdn.co/image/ab67616d0000b2739711c40e3ffc7e7f179336ed","1","2","329986","https://p.scdn.co/mp3-preview/67abe3d8afe8a15bd60861e69b92503b53754f89?cid=9950ac751e34487dbbe027c4fd7f8e99","false","65","INV119300921","spotify:user:31f6akofznwqnn3tlgipil5vrb4y","2026-08-11T18:52:57Z"
"spotify:track:2FasYCxo2yAPDnIkoRp7SS","Dil Hai Ke Manta Nahin","spotify:artist:4hkB2bR5ek6lJChj6aunCn, spotify:artist:4K6blSRoklNdpw4mzLxwfn","Anuradha Paudwal, Kumar Sanu","spotify:album:2azyipdkosVEQFLWDaHGi3","Dil Hai Ke Manta Nahin","spotify:artist:4PhJv48oy3YJMQ5hDt9BFu","Bhushan Dua","1991-11-01","https://i.scdn.co/image/ab67616d0000b273eef5d8ba5626de47f6878c42","1","7","372293","https://p.scdn.co/mp3-preview/297ab296ee9e59ec960464ab4a36851e137030b8?cid=9950ac751e34487dbbe027c4fd7f8e99","false","57","INS189110015","spotify:user:31f6akofznwqnn3tlgipil5vrb4y","2026-08-11T18:52:57Z"
"spotify:track:1hGj2l3qGnv33MGXqse1hQ","Barsaat Ke Mausam Mein","spotify:artist:4K6blSRoklNdpw4mzLxwfn, spotify:artist:03SZmfKAgYRQKUwy0EoJUa","Kumar Sanu, Roop Kumar Rathod","spotify:album:7m84dfY0n4DnoB6rGT8tuM","Naajayaz (Original Motion Picture Soundtrack)","spotify:artist:71hjb5G92mGoKRSAW3Cj00","Anu Malik","1995-03-03","https://i.scdn.co/image/ab67616d0000b273c388e8b8c1bb81d358970585","1","1","524506","https://p.scdn.co/mp3-preview/99f94e2fe594f4f2a8ed891445371c79452a7f80?cid=9950ac751e34487dbbe027c4fd7f8e99","false","67","INT109500041","spotify:user:31f6akofznwqnn3tlgipil5vrb4y","2026-08-11T18:52:57Z"
"spotify:track:1acxzJSLNUISeYPGa5IOZ3","Too Shayar Hai Main Teri Shayari","spotify:artist:3gBKY0y3dFFVRqicLnVZYz","Alka Yagnik","spotify:album:0vM40ZvKzbI97anisDuMGJ","Saajan (Original Motion Picture Soundtrack)","spotify:artist:0xHXoShMJw3xDArjL8IHtt, spotify:artist:5sifufajls8Q6k04Y4F8mH","Nadeem Shravan, Sameer Anjaan","1993-06-20","https://i.scdn.co/image/ab67616d0000b2739711c40e3ffc7e7f179336ed","1","5","389906","https://p.scdn.co/mp3-preview/2a99d0cd0b9c5140a691559925ea8341ca8842c6?cid=9950ac751e34487dbbe027c4fd7f8e99","false","62","INV119300924","spotify:user:31f6akofznwqnn3tlgipil5vrb4y","2026-08-11T18:52:57Z"
"spotify:track:1cNrzf7gBKBDXgmRDIBX38","Waadiye Ishq Se (From ""Rahbar"")","spotify:artist:3gBKY0y3dFFVRqicLnVZYz","Alka Yagnik","spotify:album:0cPqV7ANsEL2kF0CDBf5Kv","Bollywood Melody Queen (Alka Yagnik)","spotify:artist:3gBKY0y3dFFVRqicLnVZYz","Alka Yagnik","2016-07-01","https://i.scdn.co/image/ab67616d0000b273ce374238522272ac62ef5a02","1","3","328613","https://p.scdn.co/mp3-preview/bba12bb197b4739c9ad4b125a1191dbb3ff4c083?cid=9950ac751e34487dbbe027c4fd7f8e99","false","44","INV119201036","spotify:user:31f6akofznwqnn3tlgipil5vrb4y","2026-08-11T18:52:57Z"
"spotify:track:3CVsfCGtVJGLH9UQMKmBMC","Meri Mehbooba","spotify:artist:4K6blSRoklNdpw4mzLxwfn, spotify:artist:3gBKY0y3dFFVRqicLnVZYz","Kumar Sanu, Alka Yagnik","spotify:album:5SKotVYCyEbrc2efbRMcsJ","Pardes (Original Motion Picture Soundtrack)","spotify:artist:0xHXoShMJw3xDArjL8IHtt, spotify:artist:3Bku4b0uiR8KJSXu7U8Iyy","Nadeem Shravan, Anand Bakshi","1997-08-08","https://i.scdn.co/image/ab67616d0000b273a9df849755dad656e002852e","1","5","415906","https://p.scdn.co/mp3-preview/f571de1e29e02f496593c567819d5305d3bcc172?cid=9950ac751e34487dbbe027c4fd7f8e99","false","65","INT109700002","spotify:user:31f6akofznwqnn3tlgipil5vrb4y","2026-08-11T18:52:57Z"
"spotify:track:0vYdnirXT8jqwbx90NpptP","Saajan Mera Us Paar Hai","spotify:artist:61JrslREXq98hurYL2hYoc","Lata Mangeshkar","spotify:album:4vDd7jvvLdtZRcSn0jWCff","Ganga Jamuna Saraswathi","spotify:artist:71hjb5G92mGoKRSAW3Cj00","Anu Malik","1988-10-16","https://i.scdn.co/image/ab67616d0000b273ab6634241e2d74b1321e2c5a","1","2","303186","https://p.scdn.co/mp3-preview/e3660400f59500e50f2bf72b3e5079d9510b037b?cid=9950ac751e34487dbbe027c4fd7f8e99","false","41","INS188810042","spotify:user:31f6akofznwqnn3tlgipil5vrb4y","2026-08-11T18:52:57Z"
"spotify:track:5LrRwxvWSWzcpEJRqgfltO","Teri Dulhan Sajaungi (From ""Barsaat"")","spotify:artist:3gBKY0y3dFFVRqicLnVZYz, spotify:artist:4oVMLzAqW6qhRpZWt8fNw4, spotify:artist:5TPY1mgCEaVjJQnpDPFJVF, spotify:artist:0xHXoShMJw3xDArjL8IHtt","Alka Yagnik, Kailash Kher, Priyanka Chopra, Nadeem Shravan","spotify:album:4J9h9fuhMwjilpmiwEabtv","Teri Dulhan Sajaungi (From ""Barsaat"")","spotify:artist:0xHXoShMJw3xDArjL8IHtt, spotify:artist:3gBKY0y3dFFVRqicLnVZYz, spotify:artist:4oVMLzAqW6qhRpZWt8fNw4","Nadeem Shravan, Alka Yagnik, Kailash Kher","2005-06-15","https://i.scdn.co/image/ab67616d0000b273889711cf1b5cca5e88016ce1","1","1","391908","https://p.scdn.co/mp3-preview/c4620cecfb0c859fd4f18cd32b57d2df5eafc62a?cid=9950ac751e34487dbbe027c4fd7f8e99","false","59","INSY92400017","spotify:user:31f6akofznwqnn3tlgipil5vrb4y","2026-08-11T18:52:57Z"
"spotify:track:16LrVogeqYzGOfPXCzTVyU","Sajan Sajan Teri Dulhan","spotify:artist:3gBKY0y3dFFVRqicLnVZYz","Alka Yagnik","spotify:album:77dBVKvNRHQtaxg1u5MKLL","Aarzoo","spotify:artist:71hjb5G92mGoKRSAW3Cj00","Anu Malik","1999-03-19","https://i.scdn.co/image/ab67616d0000b2736648188ebc8f37a56f5a4a21","1","6","441333","https://p.scdn.co/mp3-preview/51109a57a4d4c4a8c23d0f820555a90c16ad8091?cid=9950ac751e34487dbbe027c4fd7f8e99","false","56","INH100361320","spotify:user:31f6akofznwqnn3tlgipil5vrb4y","2026-08-11T18:52:57Z"
"spotify:track:5sJjo5vHh3icLEntFQlt8w","Oodhni","spotify:artist:70B80Lwx2sxti0M1Ng9e8K, spotify:artist:3gBKY0y3dFFVRqicLnVZYz","Udit Narayan, Alka Yagnik","spotify:album:6Ecxx7dytiZt0Tr0jCNmNY","Tere Naam","spotify:artist:0sSxphmGskGCKlwB9xa6WU, spotify:artist:3qdu3XhzSzkRhbwdFKnSuw","Himesh Reshammiya, Sajid-Wajid","2003-06-28","https://i.scdn.co/image/ab67616d0000b2731ede9124863a37702dcb90aa","1","2","413146","https://p.scdn.co/mp3-preview/d11d4af8d063257dc4adc965a429c09674d3a84c?cid=9950ac751e34487dbbe027c4fd7f8e99","false","63","INS180351129","spotify:user:31f6akofznwqnn3tlgipil5vrb4y","2026-08-11T18:52:57Z"
"spotify:track:3WQyg3aakTMchXSeBnstLi","Rab Kare","spotify:artist:70B80Lwx2sxti0M1Ng9e8K, spotify:artist:3gBKY0y3dFFVRqicLnVZYz","Udit Narayan, Alka Yagnik","spotify:album:7KPRB8KERypJQurpX1xUpm","Mujhse Shaadi Karogi","spotify:artist:3qdu3XhzSzkRhbwdFKnSuw, spotify:artist:71hjb5G92mGoKRSAW3Cj00","Sajid-Wajid, Anu Malik","2004-05-31","https://i.scdn.co/image/ab67616d0000b2731627c9b73fb3ccc0f8b89187","1","1","259880","https://p.scdn.co/mp3-preview/102b55af1f6ec1ccb625b9f6a89d16c745ae72d0?cid=9950ac751e34487dbbe027c4fd7f8e99","false","66","INS180461119","spotify:user:31f6akofznwqnn3tlgipil5vrb4y","2026-08-11T18:52:57Z"
"spotify:track:7rrXbrwlRAl8m0RlfQThow","Bahut Jatate Ho Pyar","spotify:artist:3gBKY0y3dFFVRqicLnVZYz, spotify:artist:3vXBH4XwXSLM1YIrRBt98k","Alka Yagnik, Mohammed Aziz","spotify:album:46MmugGQ3jdyyxcT7euD5g","Aadmi Khilona Hai (Original Motion Picture Soundtrack)","spotify:artist:0xHXoShMJw3xDArjL8IHtt","Nadeem Shravan","1993-04-14","https://i.scdn.co/image/ab67616d0000b273bb7fe97819e52a95c6236508","1","1","431071","https://p.scdn.co/mp3-preview/a98697301cfd393a49b5dd8cf41fa7286e02f607?cid=9950ac751e34487dbbe027c4fd7f8e99","false","66","INV119300592","spotify:user:31f6akofznwqnn3tlgipil5vrb4y","2026-08-11T18:52:57Z"
"spotify:track:1Ny7PAWw0wrvuHFRACJKPK","Chori Chori Dil Tera","spotify:artist:4K6blSRoklNdpw4mzLxwfn, spotify:artist:2ZYr5GyuON26s6T35CQylk","Kumar Sanu, Sujata Goswamy","spotify:album:3supZm6PBLghQ1LTrpUruh","Phool Aur Angaar","spotify:artist:71hjb5G92mGoKRSAW3Cj00","Anu Malik","1993-08-02","https://i.scdn.co/image/ab67616d0000b27332d66b89c6db67bebb1d50f9","1","2","399450","https://p.scdn.co/mp3-preview/39743c9dfd217423e31555c14382f2d90dc967e1?cid=9950ac751e34487dbbe027c4fd7f8e99","false","62","INS939301002","spotify:user:31f6akofznwqnn3tlgipil5vrb4y","2026-08-11T18:52:57Z"
"spotify:track:3qTlcDR5n5NCExaJMun20V","Ghoonghat Ki Aadh Se","spotify:artist:4K6blSRoklNdpw4mzLxwfn, spotify:artist:3gBKY0y3dFFVRqicLnVZYz","Kumar Sanu, Alka Yagnik","spotify:album:63Y2RfrgCziZL6Jz8YCqV1","Hum Hain Rahi Pyar Ke (Original Motion Picture Soundtrack)","spotify:artist:0xHXoShMJw3xDArjL8IHtt","Nadeem Shravan","1993-07-05","https://i.scdn.co/image/ab67616d0000b2735a5d99f08ec514c24dc3ac01","1","3","376560","https://p.scdn.co/mp3-preview/0535e10319da9c8595110580f2e4a6b191c28968?cid=9950ac751e34487dbbe027c4fd7f8e99","false","62","INT109300045","spotify:user:31f6akofznwqnn3tlgipil5vrb4y","2026-08-11T18:52:57Z"
"spotify:track:2LcviSkfYFqTQaFMT6zd3N","Yeh Dua Hai Meri","spotify:artist:4K6blSRoklNdpw4mzLxwfn, spotify:artist:3gBKY0y3dFFVRqicLnVZYz","Kumar Sanu, Alka Yagnik","spotify:album:6AJIBV7Krlqm57CdotNn64","Sapne Saajan Ke (Original Motion Picture Soundtrack)","spotify:artist:0LyfQWJT6nXafLPZqxe9Of","Various Artists","1992-07-24","https://i.scdn.co/image/ab67616d0000b2737b015aa3f9a5c6845edb9ded","1","5","375678","https://p.scdn.co/mp3-preview/5238ba5e0345c73b8c60044c69eaba1302665683?cid=9950ac751e34487dbbe027c4fd7f8e99","false","51","FRX202474067","spotify:user:31f6akofznwqnn3tlgipil5vrb4y","2026-08-11T18:52:57Z"
"spotify:track:1hhmxIIa43oIMYRG0DLhZW","Saaton Janam Main Tere","spotify:artist:4K6blSRoklNdpw4mzLxwfn, spotify:artist:3gBKY0y3dFFVRqicLnVZYz","Kumar Sanu, Alka Yagnik","spotify:album:1PDILz2Sxow9ZRNlTKfBKD","Dilwale (Original Motion Picture Soundtrack)","spotify:artist:5sifufajls8Q6k04Y4F8mH, spotify:artist:0xHXoShMJw3xDArjL8IHtt","Sameer Anjaan, Nadeem Shravan","1993-07-15","https://i.scdn.co/image/ab67616d0000b273dd6c0a1425420d6049a88e27","1","6","339253","https://p.scdn.co/mp3-preview/0b6a50046681c172b2af3bdda5db5e1c1d149bb9?cid=9950ac751e34487dbbe027c4fd7f8e99","false","59","INV119301155","spotify:user:31f6akofznwqnn3tlgipil5vrb4y","2026-08-11T18:52:57Z"
"spotify:track:2Hg2x9hK9lmwqVXZ6FM1Ry","Falak Dekhun","spotify:artist:1dVygo6tRFXC8CSWURQJq2","Sonu Nigam","spotify:album:4HaPtlICUuRXPUNoQ9m1lq","Garam Masala (Original Motion Picture Soundtrack)","spotify:artist:1wRPtKGflJrBx9BmLsSwlU","Pritam","2005-09-15","https://i.scdn.co/image/ab67616d0000b27311961e2c2b752fd919c7ec66","1","4","313333","https://p.scdn.co/mp3-preview/2f0f6226a499e025a2a9c3f245a93e6560c06d54?cid=9950ac751e34487dbbe027c4fd7f8e99","false","51","INV110500482","spotify:user:31f6akofznwqnn3tlgipil5vrb4y","2026-08-11T18:52:57Z"
"spotify:track:70O5Rpo2B2FB4B5bf68JWw","Apnaa Mujhe Tu Lagaa","spotify:artist:1dVygo6tRFXC8CSWURQJq2, spotify:artist:1Fp2NbOlCFFrrkc29QbhBC, spotify:artist:3KxvVvRRJE9ZYb3HbOGJSl","Sonu Nigam, Chirantan Bhatt, Shakeel Azmi","spotify:album:6d9tmgL9LCbUwYPg7rvGpN","1920 Evil Returns","spotify:artist:1Fp2NbOlCFFrrkc29QbhBC","Chirantan Bhatt","2012-10-09","https://i.scdn.co/image/ab67616d0000b273872577a9e646019e97782fda","1","1","364019","https://p.scdn.co/mp3-preview/d528b0db4e411b57213a217c6175449ddd77d38b?cid=9950ac751e34487dbbe027c4fd7f8e99","false","61","INS181204310","spotify:user:31f6akofznwqnn3tlgipil5vrb4y","2026-08-11T18:52:57Z"
"spotify:track:1LZzUWParmtfuuydjmQVbS","Waada Raha Sanam","spotify:artist:2ZRrPOjBIWoKK5rHedLijj, spotify:artist:3gBKY0y3dFFVRqicLnVZYz","Abhijeet, Alka Yagnik","spotify:album:3Mt8S7NELrp2cP2AFWwt66","Khiladi (Original Motion Picture Soundtrack)","spotify:artist:4YgUVg4p7xtMOrOS4GjiJZ","Jatin-Lalit","1994-01-30","https://i.scdn.co/image/ab67616d0000b273ee975c4d9269c9abd133ff9d","1","1","359988","https://p.scdn.co/mp3-preview/b3030dc78293a2fa77cf66f597e2a6cae882f3ae?cid=9950ac751e34487dbbe027c4fd7f8e99","false","58","INV119400018","spotify:user:31f6akofznwqnn3tlgipil5vrb4y","2026-08-11T18:52:57Z"
"spotify:track:0qukxG69SSFA0n1qyR6szS","Bin Tere Sanam","spotify:artist:70B80Lwx2sxti0M1Ng9e8K, spotify:artist:6WPmTGeeoymoVlXVtsCwz7","Udit Narayan, Kavita Krishnamurthy","spotify:album:1a8QGPg7O93LqKze9EvfU1","Yaara Dildara (Original Mostion Picture Soundtrack)","spotify:artist:4YgUVg4p7xtMOrOS4GjiJZ","Jatin-Lalit","1993-01-23","https://i.scdn.co/image/ab67616d0000b273edbe2c1827df72fcd17ac76d","1","1","390560","https://p.scdn.co/mp3-preview/1475ee2a1b1d6b8d485f005dd422aad2af3b4d3f?cid=9950ac751e34487dbbe027c4fd7f8e99","false","53","INV119300069","spotify:user:31f6akofznwqnn3tlgipil5vrb4y","2026-08-11T18:52:57Z"
"spotify:track:5thheALMKZqEl479BxqAnL","Dil Laga Liya Maine","spotify:artist:0xHXoShMJw3xDArjL8IHtt, spotify:artist:3gBKY0y3dFFVRqicLnVZYz, spotify:artist:70B80Lwx2sxti0M1Ng9e8K, spotify:artist:5sifufajls8Q6k04Y4F8mH","Nadeem Shravan, Alka Yagnik, Udit Narayan, Sameer Anjaan","spotify:album:6JEOfsQttKfoSkmdCbWy43","Dil Hai Tumhaara (Original Motion Picture Soundtrack)","spotify:artist:0xHXoShMJw3xDArjL8IHtt, spotify:artist:5sifufajls8Q6k04Y4F8mH","Nadeem Shravan, Sameer Anjaan","2002-09-06","https://i.scdn.co/image/ab67616d0000b273b8e928fe24553b093c038224","1","5","271000","https://p.scdn.co/mp3-preview/b79718aaf384c0a8b7e4c0149b048ff39aafbf2c?cid=9950ac751e34487dbbe027c4fd7f8e99","false","69","INT100200009","spotify:user:31f6akofznwqnn3tlgipil5vrb4y","2026-08-11T18:52:57Z"
"spotify:track:5yKaiBEY3IrnGUYt3mpyEe","Dil Hai Tumhaara","spotify:artist:0xHXoShMJw3xDArjL8IHtt, spotify:artist:3gBKY0y3dFFVRqicLnVZYz, spotify:artist:70B80Lwx2sxti0M1Ng9e8K, spotify:artist:4K6blSRoklNdpw4mzLxwfn, spotify:artist:5sifufajls8Q6k04Y4F8mH","Nadeem Shravan, Alka Yagnik, Udit Narayan, Kumar Sanu, Sameer Anjaan","spotify:album:6JEOfsQttKfoSkmdCbWy43","Dil Hai Tumhaara (Original Motion Picture Soundtrack)","spotify:artist:0xHXoShMJw3xDArjL8IHtt, spotify:artist:5sifufajls8Q6k04Y4F8mH","Nadeem Shravan, Sameer Anjaan","2002-09-06","https://i.scdn.co/image/ab67616d0000b273b8e928fe24553b093c038224","1","4","401000","https://p.scdn.co/mp3-preview/e2a33b09f282c38de12f1656ed0d76f3f4aae6a8?cid=9950ac751e34487dbbe027c4fd7f8e99","false","59","INT100200013","spotify:user:31f6akofznwqnn3tlgipil5vrb4y","2026-08-11T18:52:57Z"
"spotify:track:76rnuvBT4eDYJb3KsN4iQx","Jeena Sirf Merre Liye","spotify:artist:3gBKY0y3dFFVRqicLnVZYz, spotify:artist:7guD32ltIhsA1tHdf7IVe0, spotify:artist:6WPmTGeeoymoVlXVtsCwz7","Alka Yagnik, Babul Supriyo, Kavita Krishnamurthy","spotify:album:5xLrDGNNrSmLhyi9rQIb2v","Jeena Sirf Mere Liye (Original Motion Picture Soundtrack)","spotify:artist:0xHXoShMJw3xDArjL8IHtt","Nadeem Shravan","2002-11-01","https://i.scdn.co/image/ab67616d0000b273c513047901df02a06f2a6d6c","1","1","337186","https://p.scdn.co/mp3-preview/e1919a201746e565a145ba058998126e8dfe7cc8?cid=9950ac751e34487dbbe027c4fd7f8e99","false","44","FRX202458015","spotify:user:31f6akofznwqnn3tlgipil5vrb4y","2026-08-11T18:52:57Z"
"spotify:track:3KVqw41sR0lTDtbDGWPtzf","Kitni Bechain Hoke","spotify:artist:3gBKY0y3dFFVRqicLnVZYz, spotify:artist:70B80Lwx2sxti0M1Ng9e8K","Alka Yagnik, Udit Narayan","spotify:album:7wCuE5QvFDGaqM86kfeWsH","Kasoor (Original Motion Picture Soundtrack)","spotify:artist:0xHXoShMJw3xDArjL8IHtt","Nadeem Shravan","2000-08-25","https://i.scdn.co/image/ab67616d0000b2733315b732161967b90fde53e9","1","1","445120","https://p.scdn.co/mp3-preview/0bd649124e639c319ac44dd8bc37939743947fab?cid=9950ac751e34487dbbe027c4fd7f8e99","false","31","INH100051730","spotify:user:31f6akofznwqnn3tlgipil5vrb4y","2026-08-11T18:52:57Z"
"spotify:track:6st8IGdWzyqmc9IXE39hgY","Aapke Pyaar Mein (From ""Raaz"")","spotify:artist:3gBKY0y3dFFVRqicLnVZYz","Alka Yagnik","spotify:album:6gM20rL0fDLdrsL53S9f9l","Raaz (Original Motion Picture Soundtrack)","spotify:artist:0xHXoShMJw3xDArjL8IHtt","Nadeem Shravan","2002-02-01","https://i.scdn.co/image/ab67616d0000b2738e7a297e1323746235f2c2e3","1","1","330000","https://p.scdn.co/mp3-preview/a75d63261fbede448f8a5d6ba74d114197560ec4?cid=9950ac751e34487dbbe027c4fd7f8e99","false","0","INT100100003","spotify:user:31f6akofznwqnn3tlgipil5vrb4y","2026-08-11T18:52:57Z"
"spotify:track:1UCOAzrtTtnlgkf4dTAjgG","Jo Bhi Kasmein (From ""Raaz"")","spotify:artist:70B80Lwx2sxti0M1Ng9e8K, spotify:artist:5TTV6plK4r2BDMUyyl7cC9, spotify:artist:3gBKY0y3dFFVRqicLnVZYz","Udit Narayan, Alka Yagnik & Arvind Hasabnish, Alka Yagnik","spotify:album:6gM20rL0fDLdrsL53S9f9l","Raaz (Original Motion Picture Soundtrack)","spotify:artist:0xHXoShMJw3xDArjL8IHtt","Nadeem Shravan","2002-02-01","https://i.scdn.co/image/ab67616d0000b2738e7a297e1323746235f2c2e3","1","2","339840","https://p.scdn.co/mp3-preview/1aeea5baada590b520bfbcb6df3de372f814d0db?cid=9950ac751e34487dbbe027c4fd7f8e99","false","0","INT100100001","spotify:user:31f6akofznwqnn3tlgipil5vrb4y","2026-08-11T18:52:57Z"
"spotify:track:10XBcLRAOQnpGWddOwxSMG","Main Agar Saamne (From ""Raaz"")","spotify:artist:2ZRrPOjBIWoKK5rHedLijj, spotify:artist:3gBKY0y3dFFVRqicLnVZYz","Abhijeet, Alka Yagnik","spotify:album:6gM20rL0fDLdrsL53S9f9l","Raaz (Original Motion Picture Soundtrack)","spotify:artist:0xHXoShMJw3xDArjL8IHtt","Nadeem Shravan","2002-02-01","https://i.scdn.co/image/ab67616d0000b2738e7a297e1323746235f2c2e3","1","3","346000","https://p.scdn.co/mp3-preview/79592194fc4c3b8d15f1411890b7513c90dcdf22?cid=9950ac751e34487dbbe027c4fd7f8e99","false","0","INT100100006","spotify:user:31f6akofznwqnn3tlgipil5vrb4y","2026-08-11T18:52:57Z"
"spotify:track:6pJQm0Pvl3GFEiJj2WsouX","Kitna Pyaara Hai","spotify:artist:70B80Lwx2sxti0M1Ng9e8K, spotify:artist:5TTV6plK4r2BDMUyyl7cC9, spotify:artist:3gBKY0y3dFFVRqicLnVZYz","Udit Narayan, Alka Yagnik & Arvind Hasabnish, Alka Yagnik","spotify:album:6gM20rL0fDLdrsL53S9f9l","Raaz (Original Motion Picture Soundtrack)","spotify:artist:0xHXoShMJw3xDArjL8IHtt","Nadeem Shravan","2002-02-01","https://i.scdn.co/image/ab67616d0000b2738e7a297e1323746235f2c2e3","1","5","261000","https://p.scdn.co/mp3-preview/080f66fbf22fefd9d2c839d24ac2f4c89e0cda4b?cid=9950ac751e34487dbbe027c4fd7f8e99","false","0","INT100100004","spotify:user:31f6akofznwqnn3tlgipil5vrb4y","2026-08-11T18:52:57Z"
"spotify:track:3jGWCOhkmGbrvItevbpamZ","Itna Main Chahoon (From ""Raaz"")","spotify:artist:70B80Lwx2sxti0M1Ng9e8K, spotify:artist:5TTV6plK4r2BDMUyyl7cC9, spotify:artist:3gBKY0y3dFFVRqicLnVZYz","Udit Narayan, Alka Yagnik & Arvind Hasabnish, Alka Yagnik","spotify:album:6gM20rL0fDLdrsL53S9f9l","Raaz (Original Motion Picture Soundtrack)","spotify:artist:0xHXoShMJw3xDArjL8IHtt","Nadeem Shravan","2002-02-01","https://i.scdn.co/image/ab67616d0000b2738e7a297e1323746235f2c2e3","1","4","321000","https://p.scdn.co/mp3-preview/aa07c2d734182b1daa3360d79f717026bd0145c2?cid=9950ac751e34487dbbe027c4fd7f8e99","false","0","INT100100005","spotify:user:31f6akofznwqnn3tlgipil5vrb4y","2026-08-11T18:52:57Z"
"spotify:track:4MXbapIy7rkrO3XqeSchts","Hum Tumko Nigahon Mein","spotify:artist:70B80Lwx2sxti0M1Ng9e8K, spotify:artist:0oOet2f43PA68X5RxKobEy","Udit Narayan, Shreya Ghoshal","spotify:album:7LIh26TzbLJPk7OqAP0pCa","Garv- Pride &amp; Honour","spotify:artist:3qdu3XhzSzkRhbwdFKnSuw, spotify:artist:71hjb5G92mGoKRSAW3Cj00","Sajid-Wajid, Anu Malik","2004-05-07","https://i.scdn.co/image/ab67616d0000b273e743391e0d47a799e2f58869","1","1","362373","https://p.scdn.co/mp3-preview/1ae2a5f01d35e2e126182495a12828baa6aa5155?cid=9950ac751e34487dbbe027c4fd7f8e99","false","66","INS180461389","spotify:user:31f6akofznwqnn3tlgipil5vrb4y","2026-08-11T18:52:57Z"
"spotify:track:1rI5W6OaCUwatFq4R4NrCO","Tu Jo Hans Hans Ke - From ""Raja Bhaiya""","spotify:artist:70B80Lwx2sxti0M1Ng9e8K, spotify:artist:6WPmTGeeoymoVlXVtsCwz7","Udit Narayan, Kavita Krishnamurthy","spotify:album:4BnXfdW0D6AzhF8wBPy9Xm","Udit Narayan Hits","spotify:artist:70B80Lwx2sxti0M1Ng9e8K","Udit Narayan","2024-05-21","https://i.scdn.co/image/ab67616d0000b273d1085bbbdb7dfa3b26458b5d","1","1","302481","","false","57","INUM70501101","spotify:user:31f6akofznwqnn3tlgipil5vrb4y","2026-08-11T18:52:57Z"
"spotify:track:3Q8WCb10T1EWrjQyb3DCTr","Tera Naam Liya","spotify:artist:1oMNjZOVmloobqepH8HLc7, spotify:artist:4hkB2bR5ek6lJChj6aunCn, spotify:artist:3yS84AjNFqhmuJlIXy7sax","Manhar Udhas, Anuradha Paudwal, Laxmikant–Pyarelal","spotify:album:6d6b13Ll4jO28SPGXler57","Ram Lakhan","spotify:artist:3yS84AjNFqhmuJlIXy7sax","Laxmikant–Pyarelal","1989-01-27","https://i.scdn.co/image/ab67616d0000b27373c5ac7ceac8b986a9a4f712","1","3","354725","https://p.scdn.co/mp3-preview/9bfed13dbacf11c3494ccdd2b3fbe2872011a065?cid=9950ac751e34487dbbe027c4fd7f8e99","false","65","INH109236040","spotify:user:31f6akofznwqnn3tlgipil5vrb4y","2026-08-11T18:52:57Z"
"spotify:track:1Iq3EB6BKHyvOEph7dAFTd","Tum Se Achcha Kaun Hai Chand Tare Phool","spotify:artist:64K7dDYqbTWTATxVvIm0Sl","Tauseef Akhtar","spotify:album:3BFhKFFjRy2JRGcFoyPIMz","Tum Se Achcha Kaun Hain (Original Motion Picture Soundtrack)","spotify:artist:0xHXoShMJw3xDArjL8IHtt","Nadeem Shravan","2002-06-02","https://i.scdn.co/image/ab67616d0000b2734198325300159bb37e0ee45b","1","1","304493","https://p.scdn.co/mp3-preview/65c61cb8b7716e13f0473e94938f7cae072ad78e?cid=9950ac751e34487dbbe027c4fd7f8e99","false","61","INV110200378","spotify:user:31f6akofznwqnn3tlgipil5vrb4y","2026-08-11T18:52:57Z"
"spotify:track:7eMALavv9CgU8R7ETPtDNK","Kitna Haseen Chehra (From ""Dilwale"")","spotify:artist:4K6blSRoklNdpw4mzLxwfn","Kumar Sanu","spotify:album:0LVMI64BPt0IRrDd1XuWkG","Bollywood Best Trio - Kumar Sanu, Nadeem - Shravan","spotify:artist:4K6blSRoklNdpw4mzLxwfn","Kumar Sanu","2016-07-01","https://i.scdn.co/image/ab67616d0000b27362e9e3154a09ddcb9c16c1c5","1","2","354455","https://p.scdn.co/mp3-preview/45bd346ff2eab883b7a1ff4f0af806391a87bcf0?cid=9950ac751e34487dbbe027c4fd7f8e99","false","65","INV119301150","spotify:user:31f6akofznwqnn3tlgipil5vrb4y","2026-08-11T18:52:57Z"
"spotify:track:44QCycNgqPxNaij2BrA9H3","Chhupana Bhi Nahin Aata - From ""Baazigar- Hindi""","spotify:artist:1gHVDWrG6hVra3ZxV7mQWd","Vinod Rathod","spotify:album:6sR5oeKyogQ6L7wOzO5U3t","Best of Bollywood Singers - Shaan & Vinod Rathod","spotify:artist:1gHVDWrG6hVra3ZxV7mQWd, spotify:artist:5cB4d4jPYjMT326sjihQ4m","Vinod Rathod, Shaan","2016-11-05","https://i.scdn.co/image/ab67616d0000b273d0024672330772090b9856e4","1","4","419040","https://p.scdn.co/mp3-preview/b321f5b2e1a56177eaa8e88e51eab5c73888983e?cid=9950ac751e34487dbbe027c4fd7f8e99","false","66","INV119300501","spotify:user:31f6akofznwqnn3tlgipil5vrb4y","2026-08-11T18:52:57Z"
"spotify:track:7v6kXbTvpHbhq5LHruy0xV","Jhanjharia - Male Version","spotify:artist:71hjb5G92mGoKRSAW3Cj00, spotify:artist:2ZRrPOjBIWoKK5rHedLijj, spotify:artist:5ixQ5hSywFLUaxoaA0uVaH","Anu Malik, Abhijeet, Anand Raj Anand","spotify:album:3203HE6RBAAYGt2Yi3VOin","Krishna (Original Motion Picture Soundtrack)","spotify:artist:71hjb5G92mGoKRSAW3Cj00","Anu Malik","1996-08-02","https://i.scdn.co/image/ab67616d0000b2730f144d9d2dda42361b9ef2bc","1","4","282866","https://p.scdn.co/mp3-preview/76c738472691074b84e5b263532d49940079a6b2?cid=9950ac751e34487dbbe027c4fd7f8e99","false","68","INT109600194","spotify:user:31f6akofznwqnn3tlgipil5vrb4y","2026-08-11T18:52:57Z"
"spotify:track:7sq200so7hXgy3nZWWzAyj","Mujhe Pyar Hua Allamiya (From ""Judaai"")","spotify:artist:2ZRrPOjBIWoKK5rHedLijj","Abhijeet","spotify:album:2oUWSHubOyXXSFN7gzLlkq","Sensational Duets (Abhijeet & Alka Yagnik)","spotify:artist:2ZRrPOjBIWoKK5rHedLijj, spotify:artist:3gBKY0y3dFFVRqicLnVZYz","Abhijeet, Alka Yagnik","2016-07-01","https://i.scdn.co/image/ab67616d0000b273e502f2e2b6e5560e2f67208c","1","5","284316","https://p.scdn.co/mp3-preview/1567b5dbe79497831faf78501d247e539492c661?cid=9950ac751e34487dbbe027c4fd7f8e99","false","59","INV119600126","spotify:user:31f6akofznwqnn3tlgipil5vrb4y","2026-08-11T18:52:57Z"
"spotify:track:3BoU0KUeXBAkXaiDdVOBS1","Der Na Ho Jaye Kahin","spotify:artist:61JrslREXq98hurYL2hYoc, spotify:artist:0w4e7HVbqAHFPN6VkIlvhe, spotify:artist:7w1zmT80oR9CemEEugZHei, spotify:artist:58Mjvx1Xu4ofQZp3UkJiTh, spotify:artist:1DeBLQaoBzL0ten42szf0g","Lata Mangeshkar, Suresh Wadkar, Mohammad Sayeed, Farid Sabri, Satish","spotify:album:72AsVyR0q9DomDbK860xNj","Henna","spotify:artist:0y633xrd3L3rSxpZ4awgnG","Ravindra Jain","1991-06-28","https://i.scdn.co/image/ab67616d0000b2734a92e09f409de5fbc6fc7970","1","10","501866","https://p.scdn.co/mp3-preview/6a696d377ef96b33508e21e82f21b893571956aa?cid=9950ac751e34487dbbe027c4fd7f8e99","false","53","INH109830940","spotify:user:31f6akofznwqnn3tlgipil5vrb4y","2026-08-11T18:52:57Z"
"spotify:track:09s6eGnk5Sw1hQoi8exoIv","Ek Mulaqat Zaroori Hai Sanam","spotify:artist:1cOCqS19DweGitcM94Eedy, spotify:artist:7vD5r3s8SvGMdRgIr7QsSo","Ameen Sabri, Fareed Sabri","spotify:album:2GUgjv6LmNExLkU8SBsxvd","Sirf Tum","spotify:artist:4PhJv48oy3YJMQ5hDt9BFu","Bhushan Dua","1999-03-12","https://i.scdn.co/image/ab67616d0000b27341b97779a1bce1ef72346f49","1","5","734333","https://p.scdn.co/mp3-preview/3ad6558bc87d5fbe89b7a8570a1cbc1361fe2031?cid=9950ac751e34487dbbe027c4fd7f8e99","false","65","INS189911190","spotify:user:31f6akofznwqnn3tlgipil5vrb4y","2026-08-11T18:52:57Z"
"spotify:track:3v67ZxfJZOHNNR37ZbTPL3","Tum To Thehre Pardesi","spotify:artist:57FWjr32rSTzLcG5DIowkb","Altaf Raja","spotify:album:3ehCbE73W55g5cNQJGI0Ym","Tum To Thehre Pardesi","spotify:artist:57FWjr32rSTzLcG5DIowkb","Altaf Raja","1999-10-23","https://i.scdn.co/image/ab67616d0000b2738bd6318c00b7b55d5a97e824","1","1","874299","https://p.scdn.co/mp3-preview/c9f1675b9bc6f278c5cbbd8586386f3a77a7add6?cid=9950ac751e34487dbbe027c4fd7f8e99","false","59","INV119900507","spotify:user:31f6akofznwqnn3tlgipil5vrb4y","2026-08-11T18:52:57Z"
"spotify:track:7d5Sk1Omu1qfyOPnlPO9d1","Aaya Tere Dar Par","spotify:artist:5Uvn1P3OFu268QovsUAnDu, spotify:artist:2bQv65MFDaU3dRb26fgNr1, spotify:artist:3dGFv554LH2mIFQqmNB7qe, spotify:artist:59NYT44FrD9yd857ctvjdX, spotify:artist:3M9ynHGOmaxtJS9Tgtz3IS, spotify:artist:3UpmjPgIFSGqnxXuiwD014","Madan Mohan, Ahmed Hussain, Mohd. Hussain, Mohammed Vakil, Javed Hussain, Javed Akhtar","spotify:album:690w3h4czL3x3W3zIgEcB6","Veer - Zaara","spotify:artist:5Uvn1P3OFu268QovsUAnDu","Madan Mohan","2004-09-18","https://i.scdn.co/image/ab67616d0000b27396fa496a2cfc301430589024","1","8","471013","https://p.scdn.co/mp3-preview/a64d8b966906df695ec689178aa1b130d9ea5913?cid=9950ac751e34487dbbe027c4fd7f8e99","false","60","INY090400022","spotify:user:31f6akofznwqnn3tlgipil5vrb4y","2026-08-11T18:52:57Z"
"spotify:track:1gB3sX2qqn0TzDEWpHKBbR","Aayega Maza Ab Barsaat Ka (From ""Andaaz"")","spotify:artist:3gBKY0y3dFFVRqicLnVZYz, spotify:artist:7guD32ltIhsA1tHdf7IVe0, spotify:artist:0xHXoShMJw3xDArjL8IHtt","Alka Yagnik, Babul Supriyo, Nadeem Shravan","spotify:album:4ghlKNEfbN8CO1r9kiWAZY","Aayega Maza Ab Barsaat Ka (From ""Andaaz"")","spotify:artist:0xHXoShMJw3xDArjL8IHtt, spotify:artist:3gBKY0y3dFFVRqicLnVZYz, spotify:artist:7guD32ltIhsA1tHdf7IVe0","Nadeem Shravan, Alka Yagnik, Babul Supriyo","2003-02-14","https://i.scdn.co/image/ab67616d0000b273753bd3bff8bf7f1e12958a64","1","1","327853","https://p.scdn.co/mp3-preview/1a317e14119b21af9507244c239c9448f1e705da?cid=9950ac751e34487dbbe027c4fd7f8e99","false","65","INSY92400005","spotify:user:31f6akofznwqnn3tlgipil5vrb4y","2026-08-11T18:52:57Z"
"spotify:track:5jib3JBR209gQizgISFbrH","Tu Pyar Hai Kisi Aur Ka","spotify:artist:4hkB2bR5ek6lJChj6aunCn, spotify:artist:4K6blSRoklNdpw4mzLxwfn","Anuradha Paudwal, Kumar Sanu","spotify:album:2azyipdkosVEQFLWDaHGi3","Dil Hai Ke Manta Nahin","spotify:artist:4PhJv48oy3YJMQ5hDt9BFu","Bhushan Dua","1991-11-01","https://i.scdn.co/image/ab67616d0000b273eef5d8ba5626de47f6878c42","1","4","412493","https://p.scdn.co/mp3-preview/ff9a1a6b6485d317eaa2a4445bf519305b6c8d37?cid=9950ac751e34487dbbe027c4fd7f8e99","false","66","INS189110012","spotify:user:31f6akofznwqnn3tlgipil5vrb4y","2026-08-11T18:52:57Z"
"spotify:track:78iiDXq2EBsTwnnJJWCuLy","Chithi Na Koi Sandesh-Jagjit Singh","spotify:artist:2ijWbN5KykTYiBoVmhzCTU","Jagjit Singh","spotify:album:0pub8C9gtg44VdEbfemE33","Dushman","spotify:artist:0AWYFpUfZxzxKUgN5k0GrQ","Uttam Singh","1998-05-29","https://i.scdn.co/image/ab67616d0000b27392620aced0ee370c7952e8d2","1","3","397560","https://p.scdn.co/mp3-preview/03ea5492c1fc027841549ed40fea1f018ef53dc7?cid=9950ac751e34487dbbe027c4fd7f8e99","false","60","INH109846680","spotify:user:31f6akofznwqnn3tlgipil5vrb4y","2026-08-11T18:52:57Z"
"spotify:track:3oGL4HTmIpiD3J0f80Viqt","Hum Dil De Chuke Sanam","spotify:artist:6WPmTGeeoymoVlXVtsCwz7, spotify:artist:3mxHOkL6ulqrmBYXqSTGLw, spotify:artist:3Y24UY463kttOxNYMH9X2u","Kavita Krishnamurthy, Mohammad Salamat, Dominique","spotify:album:1QUfdAyckA0M14z0kpOBts","Hum Dil De Chuke Sanam","spotify:artist:3r4HOyyBpGvNIyajw3mcER","Ismail Darbar","1999-04-30","https://i.scdn.co/image/ab67616d0000b273d8ea7a41af1775559b857d68","1","7","406413","https://p.scdn.co/mp3-preview/546d3cfb939a3f78439363d2fa18856e47fc9cd1?cid=9950ac751e34487dbbe027c4fd7f8e99","false","60","INS189911117","spotify:user:31f6akofznwqnn3tlgipil5vrb4y","2026-08-11T18:52:57Z"
"spotify:track:01bXxpjsD4ARa6ZOP8dmLY","Pardesi Pardesi","spotify:artist:70B80Lwx2sxti0M1Ng9e8K, spotify:artist:3gBKY0y3dFFVRqicLnVZYz, spotify:artist:2tFjeCx8NJhn7JBTTiWT30","Udit Narayan, Alka Yagnik, Sapna Awasthi","spotify:album:5G16twTP5dS4B99YLakLE6","Raja Hindustani (Original Motion Picture Soundtrack)","spotify:artist:0xHXoShMJw3xDArjL8IHtt","Nadeem Shravan","1996-11-15","https://i.scdn.co/image/ab67616d0000b273261cc572f6df52bfd2ad5743","1","4","448333","https://p.scdn.co/mp3-preview/6bb9eb23cf296efc072f3af2388b4e50757a1787?cid=9950ac751e34487dbbe027c4fd7f8e99","false","67","INT109600001","spotify:user:31f6akofznwqnn3tlgipil5vrb4y","2026-08-11T18:52:57Z"
"spotify:track:38wTTpiltGsXGslrWMVmbw","Gali Mein Chand - Happy","spotify:artist:3gBKY0y3dFFVRqicLnVZYz","Alka Yagnik","spotify:album:1fpEpptReH6R5nzBTEzTxr","Zakhm","spotify:artist:12l1SqSNsg2mI2IcXpPWjR","M. M. Keeravaani","1998-12-15","https://i.scdn.co/image/ab67616d0000b273034d7f0d1049835d7439cfef","1","2","309413","https://p.scdn.co/mp3-preview/c907f3bf759db3efa62ab13f44b2fdb8a9e49562?cid=9950ac751e34487dbbe027c4fd7f8e99","false","56","INH109833260","spotify:user:31f6akofznwqnn3tlgipil5vrb4y","2026-08-11T18:52:57Z"
"spotify:track:1CXgrGqpU1vuGSjNmV10vI","Bhanware Ne Khilaya Phool","spotify:artist:61JrslREXq98hurYL2hYoc, spotify:artist:0w4e7HVbqAHFPN6VkIlvhe, spotify:artist:3yS84AjNFqhmuJlIXy7sax","Lata Mangeshkar, Suresh Wadkar, Laxmikant–Pyarelal","spotify:album:1PpoViq69VCq8LQzzZqCCq","Prem Rog","spotify:artist:3yS84AjNFqhmuJlIXy7sax","Laxmikant–Pyarelal","1982-07-31","https://i.scdn.co/image/ab67616d0000b2732524c5cd9f879d3ac8368ac0","1","4","467960","https://p.scdn.co/mp3-preview/7f22be927f8ea7b5a280828c80d6ac35c7d13501?cid=9950ac751e34487dbbe027c4fd7f8e99","false","45","INH109240340","spotify:user:31f6akofznwqnn3tlgipil5vrb4y","2026-08-11T18:52:57Z"
"spotify:track:2PDFRr9NDh7zoOxaIhPZZP","Meri Kismat Mein Tu Nahin Shayad","spotify:artist:61JrslREXq98hurYL2hYoc, spotify:artist:0w4e7HVbqAHFPN6VkIlvhe, spotify:artist:3yS84AjNFqhmuJlIXy7sax","Lata Mangeshkar, Suresh Wadkar, Laxmikant–Pyarelal","spotify:album:1PpoViq69VCq8LQzzZqCCq","Prem Rog","spotify:artist:3yS84AjNFqhmuJlIXy7sax","Laxmikant–Pyarelal","1982-07-31","https://i.scdn.co/image/ab67616d0000b2732524c5cd9f879d3ac8368ac0","1","5","436819","https://p.scdn.co/mp3-preview/2d094f6b3d196678bf5fd38aa6322765bb74a8e2?cid=9950ac751e34487dbbe027c4fd7f8e99","false","49","INH109240350","spotify:user:31f6akofznwqnn3tlgipil5vrb4y","2026-08-11T18:52:57Z"
"spotify:track:7KvFdgH7rn9wCJAUn9NQX8","Yeh Galiyan Yeh Chaubara","spotify:artist:61JrslREXq98hurYL2hYoc, spotify:artist:3yS84AjNFqhmuJlIXy7sax","Lata Mangeshkar, Laxmikant–Pyarelal","spotify:album:1PpoViq69VCq8LQzzZqCCq","Prem Rog","spotify:artist:3yS84AjNFqhmuJlIXy7sax","Laxmikant–Pyarelal","1982-07-31","https://i.scdn.co/image/ab67616d0000b2732524c5cd9f879d3ac8368ac0","1","6","388560","https://p.scdn.co/mp3-preview/436d1284fd34653d11bee4b13d1b8c668b5a1ed2?cid=9950ac751e34487dbbe027c4fd7f8e99","false","50","INH109336690","spotify:user:31f6akofznwqnn3tlgipil5vrb4y","2026-08-11T18:52:57Z"
"spotify:track:16QR0F7y2OOQQy9gNF6tA5","Dil Ka Aalam (From ""Aashiqui"")","spotify:artist:4K6blSRoklNdpw4mzLxwfn","Kumar Sanu","spotify:album:3xJMsHADs1MrIc8s4viJUJ","Dheere Dheere Se - The Era Of Kumar Sanu","spotify:artist:4K6blSRoklNdpw4mzLxwfn","Kumar Sanu","2018-10-17","https://i.scdn.co/image/ab67616d0000b27324ba1bc988b5ba4922429d8a","1","11","300200","https://p.scdn.co/mp3-preview/3035dfb06e5e1303e0fe862d74dec997f36b4f63?cid=9950ac751e34487dbbe027c4fd7f8e99","false","56","INS189010009","spotify:user:31f6akofznwqnn3tlgipil5vrb4y","2026-08-11T18:52:57Z"
"spotify:track:5z36JzylwsiLGZ3JrtUEE6","To Chalun - From ""Border""","spotify:artist:03SZmfKAgYRQKUwy0EoJUa","Roop Kumar Rathod","spotify:album:0cjRetUUus5pr6wJM6TPz2","Musical Voice of Roop Kumar Rathod","spotify:artist:03SZmfKAgYRQKUwy0EoJUa","Roop Kumar Rathod","2016-07-01","https://i.scdn.co/image/ab67616d0000b2732a4e909cd5d1697c4d3394fd","1","1","458693","https://p.scdn.co/mp3-preview/0092ce8c0d464eeb1e039551d45e3f97f1cd4841?cid=9950ac751e34487dbbe027c4fd7f8e99","false","69","INV119900169","spotify:user:31f6akofznwqnn3tlgipil5vrb4y","2026-08-11T18:52:57Z"
"spotify:track:28rMrOeusmuvjDuf6j3Kwg","Main Duniya Bhula Doonga","spotify:artist:4hkB2bR5ek6lJChj6aunCn, spotify:artist:4K6blSRoklNdpw4mzLxwfn, spotify:artist:7op82a4Hg19bs5i63swfII, spotify:artist:5sifufajls8Q6k04Y4F8mH","Anuradha Paudwal, Kumar Sanu, Super Cassettes Industries Private Limited, Sameer Anjaan","spotify:album:7mUTDWUBOPcpXTALk1TJuX","Aashiqui","spotify:artist:7op82a4Hg19bs5i63swfII","Super Cassettes Industries Private Limited","1989-12-26","https://i.scdn.co/image/ab67616d0000b27349e862c57d46af9c26a97201","1","2","318293","https://p.scdn.co/mp3-preview/f71c65921d56acffb8130b8dceaa35455c223c1f?cid=9950ac751e34487dbbe027c4fd7f8e99","false","64","INS189010002","spotify:user:31f6akofznwqnn3tlgipil5vrb4y","2026-08-11T18:52:57Z"
"spotify:track:1Q3efN4j9BavWtoMnbM6NM","Tumhein Apna Banane Ki Kasam Khai Hai (From ""Sadak"")","spotify:artist:4hkB2bR5ek6lJChj6aunCn, spotify:artist:4K6blSRoklNdpw4mzLxwfn","Anuradha Paudwal, Kumar Sanu","spotify:album:6pEtmFcEdVWbsZYuGKX2Ug","Ultimate Romantic Duet - Kumar Sanu & Anuradha Paudwal","spotify:artist:4K6blSRoklNdpw4mzLxwfn, spotify:artist:4hkB2bR5ek6lJChj6aunCn","Kumar Sanu, Anuradha Paudwal","2017-02-13","https://i.scdn.co/image/ab67616d0000b27316af621290a2ff0418f60066","1","4","342560","https://p.scdn.co/mp3-preview/9eafefc353287a8ab41f08527298c023c9a523a5?cid=9950ac751e34487dbbe027c4fd7f8e99","false","57","INS189110021","spotify:user:31f6akofznwqnn3tlgipil5vrb4y","2026-08-11T18:52:57Z"
"spotify:track:2JQgRmbKYnyo3z1Cn3BaQS","Ankh Hai Bhari Bhari (Male Version) - From ""Tum Se Achcha Kaun Hai""","spotify:artist:4K6blSRoklNdpw4mzLxwfn","Kumar Sanu","spotify:album:0LVMI64BPt0IRrDd1XuWkG","Bollywood Best Trio - Kumar Sanu, Nadeem - Shravan","spotify:artist:4K6blSRoklNdpw4mzLxwfn","Kumar Sanu","2016-07-01","https://i.scdn.co/image/ab67616d0000b27362e9e3154a09ddcb9c16c1c5","1","8","437160","https://p.scdn.co/mp3-preview/ba7e4ed214ecad5ca640abd2dcbd9fe63d62c0b9?cid=9950ac751e34487dbbe027c4fd7f8e99","false","54","INV110200385","spotify:user:31f6akofznwqnn3tlgipil5vrb4y","2026-08-11T18:52:57Z"
"spotify:track:4JlTjwiHMzJXXVcHHqHT0b","Tujhko Na Dekhun (From ""Jaanwar"")","spotify:artist:3eDT9fwXKuHWFvgZaaYC5v, spotify:artist:70B80Lwx2sxti0M1Ng9e8K","Sunidhi Chauhan, Udit Narayan","spotify:album:48yZkOjQHGHZY5sR6fXK9T","Bollywood Music Sunidhi Chauhan's Mast Songs, Vol. 2","spotify:artist:3eDT9fwXKuHWFvgZaaYC5v","Sunidhi Chauhan","2016-07-01","https://i.scdn.co/image/ab67616d0000b2734a4bf9cc127b40db9e2f28da","1","11","293853","https://p.scdn.co/mp3-preview/c22ad99eea6c490ba0af16c666db9484097bbbe6?cid=9950ac751e34487dbbe027c4fd7f8e99","false","53","INV119900542","spotify:user:31f6akofznwqnn3tlgipil5vrb4y","2026-08-11T18:52:57Z"
"spotify:track:6lTbwN0aSoK9MRSfOXl1jk","Haste Suraj Ki","spotify:artist:0xHXoShMJw3xDArjL8IHtt, spotify:artist:70B80Lwx2sxti0M1Ng9e8K, spotify:artist:5sifufajls8Q6k04Y4F8mH","Nadeem Shravan, Udit Narayan, Sameer Anjaan","spotify:album:5LQwSf3fgtxayGrZXwvB6W","Dil Ka Rishta (Original Motion Picture Soundtrack)","spotify:artist:0xHXoShMJw3xDArjL8IHtt, spotify:artist:5sifufajls8Q6k04Y4F8mH","Nadeem Shravan, Sameer Anjaan","2003-01-17","https://i.scdn.co/image/ab67616d0000b273e042e90bedbff91161a37ef9","1","6","92000","https://p.scdn.co/mp3-preview/643aa001177499d4cffd4ed4d9e1a0598dde6521?cid=9950ac751e34487dbbe027c4fd7f8e99","false","52","INT100300022","spotify:user:31f6akofznwqnn3tlgipil5vrb4y","2026-08-11T18:52:57Z"
"spotify:track:3il9NibrKGVPfvNfZIvRqu","Buhat Khobsoorat Hai Mera Sanam","spotify:artist:73Qu5twIpvKmLU0rPaEJi4","Mehdi Hassan","spotify:album:3vJnCkEygX5wTn33v13d4o","Rare Collection Finest Film Songs, Vol. 2","spotify:artist:73Qu5twIpvKmLU0rPaEJi4","Mehdi Hassan","2024-08-25","https://i.scdn.co/image/ab67616d0000b2731bb7e08e553c9bce854bad59","1","1","241841","https://p.scdn.co/mp3-preview/9e5d4b863da4a7800f4a60d96b33174eb79ee9ea?cid=9950ac751e34487dbbe027c4fd7f8e99","false","34","QZTBA2401748","spotify:user:31f6akofznwqnn3tlgipil5vrb4y","2026-08-11T18:52:57Z"
"spotify:track:1CwKa1P72a68kk2C6PC5T5","Ek Sanam Chahiye Aashiqui Ke Liye (From ""Aashiqui"")","spotify:artist:4K6blSRoklNdpw4mzLxwfn","Kumar Sanu","spotify:album:3xJMsHADs1MrIc8s4viJUJ","Dheere Dheere Se - The Era Of Kumar Sanu","spotify:artist:4K6blSRoklNdpw4mzLxwfn","Kumar Sanu","2018-10-17","https://i.scdn.co/image/ab67616d0000b27324ba1bc988b5ba4922429d8a","1","3","372693","https://p.scdn.co/mp3-preview/7d5e083f5a0538c1fcb5fb15c144d3c5d01d4d0d?cid=9950ac751e34487dbbe027c4fd7f8e99","false","63","INS189010003","spotify:user:31f6akofznwqnn3tlgipil5vrb4y","2026-08-11T18:52:57Z"
"spotify:track:14k5ZaCWRYwXdz2FWCaQby","Agar Tum Mil Jao - From ""Zeher""","spotify:artist:0oOet2f43PA68X5RxKobEy, spotify:artist:03SZmfKAgYRQKUwy0EoJUa, spotify:artist:71hjb5G92mGoKRSAW3Cj00","Shreya Ghoshal, Roop Kumar Rathod, Anu Malik","spotify:album:03hSlhbMJkjeqFjEd22WDa","Zeher (Original Motion Picture Soundtrack)","spotify:artist:0LyfQWJT6nXafLPZqxe9Of","Various Artists","2005-03-25","https://i.scdn.co/image/ab67616d0000b27325055b41603705c1172409da","1","2","360437","https://p.scdn.co/mp3-preview/c8d02ef6d7b20eb3c74920a181f7fab3a190792f?cid=9950ac751e34487dbbe027c4fd7f8e99","false","22","INH100502935","spotify:user:31f6akofznwqnn3tlgipil5vrb4y","2026-08-11T18:52:57Z"
"spotify:track:1OhRoRQhRBjYedWLbOi7Nv","Ishq Mein Ruswaa","spotify:artist:785G4rs8cdeU7kKM2XgoI3, spotify:artist:0sSxphmGskGCKlwB9xa6WU, spotify:artist:6KZ6c43Dnjm6STHZ6avQU1","Anweshaa, Himesh Reshammiya, Shabbir Ahmed","spotify:album:3iCTxoVK7O3LhrorWnrD0w","Dangerous Ishhq","spotify:artist:0sSxphmGskGCKlwB9xa6WU","Himesh Reshammiya","2012-04-16","https://i.scdn.co/image/ab67616d0000b2730bd9a7df2e312f464025e66f","1","3","283545","https://p.scdn.co/mp3-preview/4d5f0ee81247f7b7283565d523e1b5599434e873?cid=9950ac751e34487dbbe027c4fd7f8e99","false","36","INS181201188","spotify:user:31f6akofznwqnn3tlgipil5vrb4y","2026-08-11T18:52:57Z"
"spotify:track:1wGSK11huEffPN8rxMxQaJ","Tu Hi Rab Tu Hi Dua","spotify:artist:0T1CMVkqffHlqEk4BcAph1, spotify:artist:0sSxphmGskGCKlwB9xa6WU, spotify:artist:3OLGltG8UPIea8sA4w0yg0, spotify:artist:6KZ6c43Dnjm6STHZ6avQU1","Tulsi Kumar, Himesh Reshammiya, Rahat Fateh Ali Khan, Shabbir Ahmed","spotify:album:3iCTxoVK7O3LhrorWnrD0w","Dangerous Ishhq","spotify:artist:0sSxphmGskGCKlwB9xa6WU","Himesh Reshammiya","2012-04-16","https://i.scdn.co/image/ab67616d0000b2730bd9a7df2e312f464025e66f","1","1","423573","https://p.scdn.co/mp3-preview/f6901f9083cbaca972c03159b4b74ffba201f401?cid=9950ac751e34487dbbe027c4fd7f8e99","false","57","INS181201186","spotify:user:31f6akofznwqnn3tlgipil5vrb4y","2026-08-11T18:52:57Z"
"spotify:track:5SFWdSgtyyf7adAsJhSJ7h","Naina Re","spotify:artist:0sSxphmGskGCKlwB9xa6WU, spotify:artist:3OLGltG8UPIea8sA4w0yg0, spotify:artist:0oOet2f43PA68X5RxKobEy, spotify:artist:5sifufajls8Q6k04Y4F8mH","Himesh Reshammiya, Rahat Fateh Ali Khan, Shreya Ghoshal, Sameer Anjaan","spotify:album:3iCTxoVK7O3LhrorWnrD0w","Dangerous Ishhq","spotify:artist:0sSxphmGskGCKlwB9xa6WU","Himesh Reshammiya","2012-04-16","https://i.scdn.co/image/ab67616d0000b2730bd9a7df2e312f464025e66f","1","2","332536","https://p.scdn.co/mp3-preview/e3158b0dac75757f7adbd25772b1d02b26c4c538?cid=9950ac751e34487dbbe027c4fd7f8e99","false","55","INS181201187","spotify:user:31f6akofznwqnn3tlgipil5vrb4y","2026-08-11T18:52:57Z"
"spotify:track:4xx4olj0y8KxA1oVXe4fBL","Dil Kehta Hai (From ""Akele Hum Akele Tum"")","spotify:artist:4K6blSRoklNdpw4mzLxwfn, spotify:artist:3gBKY0y3dFFVRqicLnVZYz","Kumar Sanu, Alka Yagnik","spotify:album:2zy2TJ3HX11LjNt5n3zFtI","Bollywood Music - Kumar Sanu At His Best, Vol. 2","spotify:artist:4K6blSRoklNdpw4mzLxwfn","Kumar Sanu","2016-07-01","https://i.scdn.co/image/ab67616d0000b2737f282faaba2272a127bbf41f","1","6","415666","https://p.scdn.co/mp3-preview/52a38f13d9e7080e49114c21e5a1da5b545be279?cid=9950ac751e34487dbbe027c4fd7f8e99","false","47","INV119500461","spotify:user:31f6akofznwqnn3tlgipil5vrb4y","2026-08-11T18:52:57Z"
"spotify:track:6kD9dqD1loDNRTPkSpo45b","Beech Bajaria","spotify:artist:2tFjeCx8NJhn7JBTTiWT30","Sapna Awasthi","spotify:album:5ZrSCiEbtAz7hLvxh5V47Y","Ansh","spotify:artist:0xHXoShMJw3xDArjL8IHtt","Nadeem Shravan","2000-01-01","https://i.scdn.co/image/ab67616d0000b2735255974d84b57a4f1dd5f9be","1","5","286173","https://p.scdn.co/mp3-preview/822f0849a91ffbc53c782337915e60cbb2f463ea?cid=9950ac751e34487dbbe027c4fd7f8e99","false","59","INH100153330","spotify:user:31f6akofznwqnn3tlgipil5vrb4y","2026-08-11T18:52:57Z"
"spotify:track:2e77EO4qYsZ6edoSRyMflA","Dil Mera Tod Diya","spotify:artist:3gBKY0y3dFFVRqicLnVZYz","Alka Yagnik","spotify:album:2TRQKobsNlc9j7OSXUuAmX","Kasoor","spotify:artist:0xHXoShMJw3xDArjL8IHtt","Nadeem Shravan","2001-02-02","https://i.scdn.co/image/ab67616d0000b273d04d8363b159084e4dbc5487","1","3","307960","https://p.scdn.co/mp3-preview/02d249c3b3fbaf5647683bc987c680b421e93eb6?cid=9950ac751e34487dbbe027c4fd7f8e99","false","63","INH100051770","spotify:user:31f6akofznwqnn3tlgipil5vrb4y","2026-08-11T18:52:57Z"
